tag,prompt
tv__non-brand__ultra large__86 inch tv__Premium,Which 86 inch TVs have standout user reviews?
tv__non-brand__ultra large__86 inch tv__General,What 86 inch TVs are best for connecting to smart home devices?
tv__non-brand__ultra large__85 inch tv__Premium,How do the flagship 85 inch TVs compare in performance?
tv__non-brand__ultra large__85 inch tv__Premium,How do 85 inch TVs compare on durability and lifespan?
tv__non-brand__ultra large__85 inch tv__General,How do 85 inch TVs compare to 86 inch TVs?
tv__non-brand__ultra large__85 inch tv__General,Which 85 inch TVs are best for sports viewing?
tv__non-brand__ultra large__100 inch tv__Premium,What are the highest rated 100 inch TVs for gaming?
tv__non-brand__ultra large__100 inch tv__Premium,How do 100 inch TVs from different brands compare in reliability?
tv__non-brand__ultra large__100 inch tv__General,How do 100 inch TVs compare in price?
tv__non-brand__ultra large__100 inch tv__Premium,How do 100 inch TVs compare in terms of picture quality?
tv__non-brand__tv size__65 inch tv__general,Which 65 inch TVs are known for good sound quality?
tv__non-brand__tv size__65 inch tv__general,Which 65 inch TVs have the longest lifespan?
tv__non-brand__tv size__65 inch tv__general,Which 65 inch TVs are good for console gaming?
tv__non-brand__tv size__65 inch tv__general,Which 65 inch TVs come with the best warranties?
tv__non-brand__tv size__65 inch tv__general,Which 65 inch TVs have the best refresh rates for fast action?
tv__non-brand__tv size__65 inch tv__general,Which 65 inch TVs have the best upscaling for non-4K content?
tv__non-brand__tv size__65 inch tv__general,What are the most reliable 65 inch TVs according to user reviews?
tv__non-brand__tv size__65 inch tv__low funnel,what is best 65 inch tv?
tv__non-brand__tv size__65 inch tv__low funnel,Where can I find the best deals on 65 inch TVs with quick delivery?
tv__non-brand__tv size__65 inch tv__low funnel,What are the best options for same-day delivery of 65 inch TVs?
tv__non-brand__tv resolution,How do leading TV brands compare in resolution options and quality?
tv__non-brand__tv resolution,Which TVs are best for displaying upscaled low-resolution content?
tv__non-brand__art tv,What are the main pros and cons of the thinnest TVs compared to traditional ones?
tv__non-brand__art tv,How do ultra thin TVs compare in terms of durability and quality?
tv__non-brand__art tv,What ultra thin TV models have the standout display technologies?
tv__non-brand__art tv,What are the leading models for ultra thin TVs?
tv__non-brand__art tv,Which ultra thin TVs get the best ratings?
tv__non-brand__art tv,Which televisions offer the best viewing experience and a modern appearance?
tv__non-brand__art tv,What are the highest-rated TVs for aesthetic appeal?
tv__non-brand__art tv,Which TVs offer customizable frames or bezels?
tv__non-brand__art tv,How do design TVs differ from standard TVs in everyday use?
tv__non-brand__art tv,Which design TVs offer a balance of performance and looks?
tv__non-brand__art tv,What are the best TVs with cable-hiding solutions?
tv__non-brand__art tv,Which design TVs stand out for premium materials and build?
tv__non-brand__wireless tv__General,Are there wireless TV options that don't need HDMI cables?
tv__non-brand__wireless tv__General,What are the best wireless TVs available right now?
tv__non-brand__wireless tv__Premium,What are the top-rated wireless TVs according to customer reviews?
tv__non-brand__wireless tv__Premium,What wireless TVs are rated best for design and aesthetics?
tv__non-brand__webOS & AI TV__ai tv,How do AI TVs compare for privacy features?
tv__non-brand__webOS & AI TV__tv operating system,How do TV brands compare in terms of firmware update support?
tv__non-brand__ultra large__large tv,Which large TVs have the fastest refresh rates?
tv__non-brand__ultra large__large tv,Which large TVs are best for gaming?
tv__non-brand__ultra large__large tv,Which large TVs are best for streaming services?
tv__non-brand__ultra large__large tv,Which large TVs are best for movie lovers?
tv__non-brand__ultra large__large tv,Which large TVs offer the best picture quality?
tv__non-brand__tv size__75 inch tv,Which 75 inch TVs have the best smart features?
tv__non-brand__tv size__75 inch tv,What are some highly recommended 75 inch 4K TVs?
tv__non-brand__tv size__75 inch tv,How do prices of 75 inch TVs compare across different brands?
tv__non-brand__tv size__75 inch tv,How do 75 inch TV refresh rates compare?
tv__non-brand__tv size__75 inch tv,How do 75 inch TVs compare for viewing angles?
tv__non-brand__tv size__75 inch tv,Which 75 inch TVs have the lowest input lag?
tv__non-brand__tv size__75 inch tv,Which 75 inch TVs have the thinnest bezels?
tv__non-brand__ultra large__115 inch tv,Which is the best 115 inch TV?
tv__non-brand__tv size__55 inch tv,Which 55 inch TVs have the fastest refresh rates?
tv__non-brand__tv size__55 inch tv,Which 55 inch TVs have the highest customer ratings?
tv__non-brand__tv size__55 inch tv,Which 55 inch TVs have the best reviews from customers?
tv__non-brand__tv size__55 inch tv,Which 55 inch TVs have the best sound performance?
tv__non-brand__tv size__55 inch tv,Which 55 inch TVs have the best picture quality?
tv__non-brand__tv size__55 inch tv,Which 55 inch TVs offer the best warranty and support options?
tv__non-brand__tv size__55 inch tv,Which 55 inch TVs offer the best value for the price?
tv__non-brand__tv resolution,How can I troubleshoot?4K TV?problems?
tv__non-brand__tv resolution,Which?4K TV?should I choose?
tv__non-brand__tv resolution,Are there any good?4K TV?deals on Black Friday?
tv__non-brand__tv resolution,How much should I expect to pay for a?4K TV?
tv__non-brand__tv resolution,Which 4k TVs are highly rated for durability?
tv__non-brand__tv resolution,Which 4k TVs come with voice control?
tv__non-brand__tv resolution,Which 4K TVs are the most popular this year?
tv__non-brand__tv resolution,Which 4k TVs are easiest to clean and maintain?
tv__non-brand__tv brightness__Premium,What are the highest-rated TVs for peak brightness among tech reviewers?
tv__non-brand__tv brightness__General,Which affordable TVs have good brightness for daytime viewing?
tv__non-brand__tv brightness__General,Which TVs have high nits and wide viewing angles?
tv__non-brand__reflection free__Premium,Which ultra-premium TVs offer the best reflection management?
tv__non-brand__reflection free__Premium,Which TVs have the best ratings for handling external reflections?
tv__non-brand__reflection free__General,What TVs handle reflections the best?
tv__non-brand__picture quality__premium,Which TVs offer the best picture quality right now?
tv__non-brand__picture quality__general,What TVs offer the best picture quality right now?
tv__non-brand__picture quality__general,Which TVs provide the best picture quality for gaming?
tv__non-brand__picture quality__premium,How do user opinions about picture quality vary between top TVs?
tv__non-brand__picture quality__premium,How do top TVs for picture quality compare in user reviews?
tv__non-brand__picture quality__premium,How does picture quality compare between the latest models of popular TV brands?
tv__non-brand__picture quality__premium,Which premium TVs have the least issues with motion blur?
tv__non-brand__picture quality__premium,Which high-end TVs are recommended by experts for picture quality?
tv__non-brand__picture quality__premium,What are the top-rated TVs for picture quality?
tv__non-brand__micro rgb__Premium,How do micro RGB TVs from different brands compare in terms of longevity and durability?
tv__non-brand__micro rgb__Premium,what is best micro RGB TV?
tv__non-brand__hdr tv__Premium,Which HDR TVs have cutting-edge AI image enhancement features?
tv__non-brand__hdr tv__general,Which HDR TVs work best with gaming consoles?
tv__non-brand__hdr tv__Premium,What are the pros and cons of the most popular HDR TVs right now?
tv__non-brand__hdr tv__general,What HDR TVs offer the best value for the price?
tv__non-brand__hdr tv__general,How do HDR TVs from different brands compare on lifespan?
tv__non-brand__hdr tv__Premium,What HDR TVs stand out for long-term reliability?
tv__non-brand__hdr tv__Premium,Which HDR TVs receive the most consistent updates and support?
tv__non-brand__hdr tv__Premium,What are the differences between the top-rated HDR TV models this year?
tv__non-brand__hdr tv__Premium,What high-end HDR TVs minimize motion blur the best?
tv__non-brand__hdr tv__Premium,What HDR TVs are recommended by professionals for high-end viewing?
tv__non-brand__hdr tv__Premium,What HDR TVs are best rated for vivid colors and deep blacks?
tv__non-brand__color__General,Which 4K TVs are best for color richness?
tv__non-brand__color__Premium,Which smart TVs offer superior color for streaming high-definition content?
tv__non-brand__color__General,What are the top TVs with color-improving technology?
tv__non-brand__color__Premium,What premium TVs excel at color correction and smoothing?
tv__non-brand__color__Premium,Which new TV models are praised for outstanding HDR color effects?
tv__non-brand__color__Premium,Which TVs have received expert praise for their color performance?
tv__non-brand__color__Premium,Which TVs are most reliable for consistent color performance over time?
tv__non-brand__color__Premium,Which TVs have the best reviews for natural-looking colors?
tv__non-brand__color__General,Which TVs get the best reviews for color depth?
tv__non-brand__color__General,What are the top-rated TVs for watching movies with rich colors?
tv__non-brand__black level__Premium,Which premium TVs get the best reviews for black level performance?
tv__non-brand__black level__Premium,Which TVs have the highest user ratings for black detail and color richness?
tv__non-brand__black level__Premium,What are the most recommended premium TVs for black levels by experts?
tv__non-brand__black level__Premium,Can you list TVs that perform the best in dark room environments?
tv__non-brand__black level__General,Which TVs are ideal if I'm sensitive to grayish blacks in dark scenes?
tv__non-brand__black level__Premium,What are the best-reviewed TVs for watching movies in the dark?
tv__non-brand__black level__Premium,What are the best-value TVs that excel in black level and contrast?
tv__non-brand__black level__General,What are the best large-size TVs with excellent black performance?
tv__non-brand__black level__Premium,What are the standout TVs for deep contrast and black scenes?
tv__non-brand__black level__Premium,What are the top-rated TVs for deep black scenes?
tv__non-brand__black level__Premium,What are the leading premium TVs for zero backlight bleed?
tv__non-brand__black level,What are the list of features premium buyers consider in perfect black TVs?
tv__non-brand__tv for gaming,Which TVs have the fastest refresh rates for action movies and gaming?
tv__non-brand__tv for gaming,Which TVs are recommended for playing on PlayStation 5?
tv__non-brand__tv for gaming,Which TVs are easiest to set up for gaming?
tv__non-brand__tv for gaming,Which TVs are good for both gaming and movies?
tv__non-brand__tv for gaming,Which TVs are best for gaming right now?
it__non-brand__OLED Gaming Monitor,Which OLED gaming monitor has better text clarity for work and play?
it__non-brand__OLED Gaming Monitor,Do WOLED gaming monitors have better black levels in bright rooms?
it__non-brand__OLED Gaming Monitor,what are the top-rated oled monitors for both gaming and watching films
it__non-brand__OLED Gaming Monitor,what features should i compare when choosing an oled gaming monitor
it__non-brand__OLED Gaming Monitor,which oled gaming monitors are best suited for racing or simulation games
it__non-brand__OLED Gaming Monitor,how do oled gaming monitors compare to mini-led monitors for gaming
it__non-brand__OLED Gaming Monitor,which oled monitors are recommended for both gaming and productivity
it__non-brand__OLED Gaming Monitor,which oled gaming monitors offer the lowest input lag for competitive gaming
it__non-brand__OLED Gaming Monitor,which oled gaming monitors have the highest refresh rates
it__non-brand__OLED Gaming Monitor,what oled gaming monitors are recommended for minimal input lag and high refresh rates
it__non-brand__OLED Gaming Monitor,what are the best oled monitors for immersive gaming setups
it__non-brand__OLED Gaming Monitor,how do response times compare across different oled gaming monitors
it__non-brand__OLED Gaming Monitor,how do different oled gaming monitors handle screen burn-in risks
it__non-brand__OLED Gaming Monitor,how do customer satisfaction ratings compare among popular oled gaming monitors
it__non-brand__OLED Gaming Monitor,which oled gaming monitor should I choose?
it__non-brand__OLED Gaming Monitor,how can I troubleshoot oled gaming monitor problems?
it__non-brand__OLED Gaming Monitor,are there any good oled gaming monitor deals on black friday?
it__non-brand__OLED Gaming Monitor,how much should I expect to pay for a oled gaming monitor?
it__non-brand__Monitor Specs__Monitor Size__ultrawide gaming monitor,Which ultrawide gaming monitors get the best ratings from tech reviewers?
it__non-brand__Monitor Specs__Monitor Size__ultrawide gaming monitor,What are the most future-proof ultrawide monitors for gaming?
it__non-brand__Monitor Specs__Monitor Size__ultrawide gaming monitor,Which ultrawide monitors are highly rated by gamers for low eye strain?
it__non-brand__Monitor Specs__Monitor Size__ultrawide gaming monitor,What are the most reliable ultrawide monitors for long gaming sessions?
it__non-brand__Monitor Specs__Monitor Size__ultrawide gaming monitor,Which ultrawide gaming monitors support picture-in-picture modes?
it__non-brand__Monitor Specs__Monitor Size__ultrawide gaming monitor,Which ultrawide gaming monitors have the best reviews for screen clarity and smoothness?
it__non-brand__Monitor Specs__Monitor Size__ultrawide gaming monitor,What ultrawide gaming monitors are considered most reliable and future-proof?
it__non-brand__Monitor Specs__Monitor Size__ultrawide gaming monitor,Which ultrawide monitors are best for gaming in terms of refresh rate?
it__non-brand__Monitor Specs__Monitor Size__ultrawide gaming monitor,Which ultrawide gaming monitors have the best color accuracy?
it__non-brand__Monitor Specs__Monitor Size__ultrawide gaming monitor,Which ultrawide gaming monitors are best for high performance and multitasking?
it__non-brand__Monitor Specs__Monitor Size__ultrawide gaming monitor,What are the best ultrawide gaming monitors for minimal motion blur?
it__non-brand__Monitor Specs__Monitor Size__ultrawide gaming monitor,How do premium ultrawide gaming monitors compare on features specs and user ratings?
it__non-brand__Monitor Specs__Monitor Size__52 inch gaming monitor,Which 52 inch gaming monitors are top rated for screen quality and gaming performance?
it__non-brand__Monitor Specs__Monitor Size__52 inch gaming monitor,What are the most advanced 52 inch gaming monitors available for premium buyers?
it__non-brand__Monitor Specs__Monitor Size__52 inch gaming monitor,What 52 inch gaming monitors are best for wide viewing angles and immersive play?
it__non-brand__Monitor Specs__Monitor Size__49 inch gaming monitor,what is the best 49 inch gaming monitor
it__non-brand__Monitor Specs__Monitor Size__45 inch gaming monitor,Which 45 inch gaming monitors are known for outstanding picture quality?
it__non-brand__Monitor Specs__Monitor Size__45 inch gaming monitor,How do leading 45 inch gaming monitors compare on specs and connectivity?
it__non-brand__Monitor Specs__Monitor Size__45 inch gaming monitor,Which 45 inch gaming monitors have the best customer reviews?
it__non-brand__Monitor Specs__Monitor Size__45 inch gaming monitor,What are the highest rated 45 inch gaming monitors for immersive gameplay?
it__non-brand__Monitor Specs__Monitor Size__45 inch gaming monitor,What 45 inch gaming monitors are best for ultra-wide gaming setups?
it__non-brand__Monitor Specs__Monitor Size__34 inch gaming monitor,Which 34 inch gaming monitors offer the most immersive ultrawide experience?
it__non-brand__Monitor Specs__Monitor Size__34 inch gaming monitor,Which 34 inch gaming monitors provide top-end features for premium buyers?
it__non-brand__Monitor Specs__Monitor Size__34 inch gaming monitor,What 34 inch gaming monitors are best for fast response and minimal motion blur?
it__non-brand__Monitor Specs__Monitor Size__34 inch gaming monitor,How do the top 34 inch gaming monitors compare in specs and user feedback?
it__non-brand__Monitor Specs__Monitor Size__32 inch gaming monitor,What are the top premium 32 inch gaming monitors for high-end gaming setups?
it__non-brand__Monitor Specs__Monitor Size__32 inch gaming monitor,Which 32 inch gaming monitors have the best overall ratings?
it__non-brand__Monitor Specs__Monitor Size__32 inch gaming monitor,Which 32 inch gaming monitors are top rated by tech reviewers?
it__non-brand__Monitor Specs__Monitor Size__32 inch gaming monitor,What are the best 32 inch gaming monitors for fast refresh rates and smooth gameplay?
it__non-brand__Monitor Specs__Monitor Size__32 inch gaming monitor,Which 32 inch gaming monitors offer exceptional color and contrast?
it__non-brand__Monitor Specs__Monitor Size__32 inch gaming monitor,What 32 inch gaming monitors have the best balance of performance and reliability?
it__non-brand__Monitor Specs__Monitor Size__32 inch gaming monitor,How do popular 32 inch gaming monitors compare in connectivity and features?
it__non-brand__Monitor Specs__Monitor Size__27 inch gaming monitor,What are the highest rated 27 inch gaming monitors for premium buyers?
it__non-brand__Monitor Specs__Monitor Size__27 inch gaming monitor,Which 27 inch gaming monitors offer the best viewing angles and brightness?
it__non-brand__Monitor Specs__Monitor Size__27 inch gaming monitor,What are the most recommended 27 inch gaming monitors for fast-paced games?
it__non-brand__Monitor Specs__Monitor Size__27 inch gaming monitor,Which 27 inch gaming monitors have the best user reviews for build quality?
it__non-brand__Monitor Specs__Monitor Size__27 inch gaming monitor,Which 27 inch gaming monitors are rated best for refresh rate and response time?
it__non-brand__Monitor Specs__Monitor Size__27 inch gaming monitor,What 27 inch gaming monitors have top-notch HDR performance?
it__non-brand__Monitor Specs__Monitor Size__27 inch gaming monitor,How do the leading 27 inch gaming monitors compare on specs and real-world performance?
it__non-brand__Monitor Specs__Monitor Size__27 inch gaming monitor,What are the best 27 inch gaming monitors for immersive gameplay?
it__non-brand__Monitor Specs__Monitor Size__24 inch gaming monitor,What are the top-rated 24 inch gaming monitors for low input lag?
it__non-brand__Monitor Specs__Monitor Size__24 inch gaming monitor,Which 24 inch gaming monitors provide the best build quality?
it__non-brand__Monitor Specs__Monitor Size__24 inch gaming monitor,Which 24 inch gaming monitors are highly recommended by reviewers?
it__non-brand__Monitor Specs__Monitor Size__24 inch gaming monitor,What are the best 24 inch gaming monitors for competitive gamers?
it__non-brand__Monitor Specs__Monitor Size__24 inch gaming monitor,What 24 inch gaming monitors are considered best for color accuracy?
it__non-brand__Monitor Specs__Monitor Size__24 inch gaming monitor,Which 24 inch gaming monitors have the highest refresh rates?
it__non-brand__Monitor Specs__Monitor Size__24 inch gaming monitor,How do the top 24 inch gaming monitors compare in terms of features and user reviews?
it__non-brand__Monitor Specs__Monitor Aspec Ratio__32:9 gaming monitor,what is the best 32:9 inch gaming monitor
it__non-brand__Monitor Specs__Monitor Aspec Ratio__21:9 gaming monitor,What are the top 21:9 gaming monitors for UltraWide gaming setups?
it__non-brand__Monitor Specs__Monitor Aspec Ratio__21:9 gaming monitor,Which 21:9 gaming monitors offer the highest resolutions available?
it__non-brand__Monitor Specs__Monitor Aspec Ratio__21:9 gaming monitor,What are the main advantages of 21:9 gaming monitors compared to 16:9?
it__non-brand__Monitor Specs__Monitor Aspec Ratio__21:9 gaming monitor,What are the most recommended 21:9 gaming monitors with strong brand reputations?
it__non-brand__Monitor Specs__Monitor Aspec Ratio__21:9 gaming monitor,Which 21:9 gaming monitors have the most user-friendly features?
it__non-brand__Monitor Specs__Monitor Aspec Ratio__21:9 gaming monitor,Which 21:9 gaming monitors come with advanced adjustability and ergonomic stands?
it__non-brand__Monitor Specs__Monitor Aspec Ratio__21:9 gaming monitor,What are the most reliable 21:9 gaming monitors for long-term performance?
it__non-brand__Monitor Specs__Monitor Aspec Ratio__21:9 gaming monitor,Which 21:9 gaming monitors are best for triple-A PC gaming?
it__non-brand__Monitor Specs__Monitor Aspec Ratio__21:9 gaming monitor,Which premium 21:9 gaming monitors receive the highest scores from tech reviewers?
it__non-brand__Monitor Specs__Monitor Aspec Ratio__21:9 gaming monitor,What are the leading 21:9 gaming monitors for smooth and fast performance?
it__non-brand__Monitor Specs__Monitor Aspec Ratio__21:9 gaming monitor,Which high-end 21:9 gaming monitors are ideal for both gaming and productivity?
it__non-brand__Monitor Specs__Monitor Aspec Ratio__21:9 gaming monitor,Which 21:9 gaming monitors excel at multitasking as well as gaming?
it__non-brand__Monitor Specs__Monitor Aspec Ratio__21:9 gaming monitor,Which 21:9 gaming monitors deliver top-tier picture quality?
it__non-brand__Monitor Specs__Monitor Aspec Ratio__21:9 gaming monitor,What premium 21:9 gaming monitors are best for immersive gaming experiences?
it__non-brand__Monitor Specs__Monitor Aspec Ratio__21:9 gaming monitor,What are the best-reviewed 21:9 gaming monitors with premium specs?
it__non-brand__Monitor Specs__Monitor Aspec Ratio__21:9 gaming monitor,What 21:9 gaming monitors are the fastest and most responsive for competitive play?
it__non-brand__Monitor Specs__Monitor Aspec Ratio__21:9 gaming monitor,What 21:9 gaming monitors are known for outstanding color performance?
it__non-brand__Monitor Specs__Monitor Aspec Ratio__21:9 gaming monitor,How do top 21:9 gaming monitors compare for input lag and refresh rates?
it__non-brand__Monitor Specs__Monitor Aspec Ratio__16:9 gaming monitor,Which 16:9 gaming monitors offer the fastest refresh rates?
it__non-brand__Monitor Specs__Monitor Aspec Ratio__16:9 gaming monitor,What are the top-rated 16:9 gaming monitors with strong customer reviews?
it__non-brand__Monitor Specs__Monitor Aspec Ratio__16:9 gaming monitor,What are the highest rated 16:9 gaming monitors for overall user satisfaction?
it__non-brand__Monitor Specs__Monitor Aspec Ratio__16:9 gaming monitor,What are the best 16:9 gaming monitors for high-end gaming?
it__non-brand__Monitor Specs__Monitor Aspec Ratio__16:9 gaming monitor,Which 16:9 gaming monitors have the best warranty and after-sales support?
it__non-brand__Monitor Specs__Monitor Aspec Ratio__16:9 gaming monitor,What are the most reliable 16:9 gaming monitors for long-term use?
it__non-brand__Monitor Specs__Monitor Aspec Ratio__16:9 gaming monitor,What are the leading 16:9 gaming monitors with advanced ergonomic stands?
it__non-brand__Monitor Specs__Monitor Aspec Ratio__16:9 gaming monitor,Which 16:9 gaming monitors are recommended for PC and console gaming?
it__non-brand__Monitor Specs__Monitor Aspec Ratio__16:9 gaming monitor,Which premium 16:9 gaming monitors are known for superior HDR performance?
it__non-brand__Monitor Specs__Monitor Aspec Ratio__16:9 gaming monitor,Which 16:9 gaming monitors work best for competitive esports players?
it__non-brand__Monitor Specs__Monitor Aspec Ratio__16:9 gaming monitor,Which 16:9 gaming monitors have the best color accuracy for immersive gameplay?
it__non-brand__Monitor Specs__Monitor Aspec Ratio__16:9 gaming monitor,Which 16:9 gaming monitors feature the best connectivity options?
it__non-brand__Monitor Specs__Monitor Aspec Ratio__16:9 gaming monitor,Which 16:9 gaming monitors deliver the best picture quality?
it__non-brand__Monitor Specs__Monitor Aspec Ratio__16:9 gaming monitor,Which 16:9 gaming monitors combine high specs and great build quality?
it__non-brand__Monitor Specs__Monitor Aspec Ratio__16:9 gaming monitor,What are the most feature-rich 16:9 gaming monitors for immersive gameplay?
tv__non-brand__tv for gaming,What are the smoothest TVs for fast-paced gaming?
tv__non-brand__tv for gaming,Compare gaming TVs by their motion handling abilities.
tv__non-brand__tv for gaming,Which TVs offer the most advanced gaming features?
tv__non-brand__tv for gaming,Which gaming TVs are best for minimal screen tearing?
tv__non-brand__tv for gaming,Which TVs are less likely to have screen burn-in during gaming?
tv__non-brand__tv for gaming,Which TVs get the best reviews from gamers?
tv__non-brand__tv for gaming,What are some highly rated TVs for competitive gaming?
tv__non-brand__tv for gaming,What are the top-rated TVs for serious gamers?
tv__non-brand__tv brightness,Which TV has the best brightness?
tv__non-brand__tv brightness,Which TV has the highest brightness?
tv__non-brand__smart tv,How can I troubleshoot?Smart TV?problems?
tv__non-brand__smart tv,Which?Smart TV?should I choose?
tv__non-brand__smart tv,Are there any good?Smart TV?deals on Black Friday?
tv__non-brand__smart tv,How much should I expect to pay for a?Smart TV?
tv__non-brand__smart tv,What smart TVs are best for gaming?
tv__non-brand__smart tv,What smart TVs support the most streaming apps?
tv__non-brand__smart tv,What smart TVs are best for streaming movies?
tv__non-brand__smart tv,Which smart TVs come with voice control features?
tv__non-brand__smart tv,What are some budget-friendly smart TVs?
tv__non-brand__reflection free,Which TV has a non-reflective screen?
tv__non-brand__oled tv,Which OLED TV brand is most reliable?
tv__non-brand__oled tv,Which?OLED TV?should I choose?
tv__non-brand__oled tv,Are there any good?OLED TV?deals on Black Friday?
tv__non-brand__oled tv,How much should I expect to pay for an?OLED TV?
tv__non-brand__oled tv,How can I troubleshoot?OLED TV?problems?
tv__non-brand__oled tv,Does OLED burn in easily?
tv__non-brand__oled tv,Which OLED TVs are most frequently recommended by expert reviewers?
tv__non-brand__oled tv,Which OLED TVs have earned the highest customer satisfaction ratings?
tv__non-brand__oled tv,How do the leading OLED TVs compare in terms of smart features?
tv__non-brand__oled tv,Which OLED TVs have the most advanced processor technology?
tv__non-brand__oled tv,Which OLED TVs support variable refresh rate?
tv__non-brand__oled tv,Which OLED TVs have the best picture quality?
tv__non-brand__oled tv,What are the leading OLED TVs known for excellent color accuracy?
tv__non-brand__oled tv,What OLED TVs excel in providing accurate Dolby Vision support?
tv__non-brand__oled tv,How do various OLED TVs handle motion smoothing and fast-paced content?
tv__non-brand__oled tv,How does an OLED TV perform in a dark room?
tv__non-brand__oled tv,Which OLED TVs are recommended for bright rooms?
tv__non-brand__oled tv,What are the latest OLED TV releases and their standout features?
tv__non-brand__mini-led tv,Which?MiniLED?should I choose?
tv__non-brand__mini-led tv,What are the top-rated Mini-LED TVs for picture quality?
tv__non-brand__mini-led tv,what is best Mini-LED TV
tv__non-brand__micro rgb,How can I troubleshoot?MicroRGB TV?problems?
tv__non-brand__micro rgb,How much should I expect to pay for a?MicroRGB TV?
tv__non-brand__micro rgb,Which?MicroRGB TV?should I choose?
tv__non-brand__ESG,What is the most sustainable TV available in 2026?
tv__non-brand__ESG,Which OLED TV is recognized for the best sustainable energy performance?
tv__non-brand__ESG,Which OLED TVs have earned top-tier sustainability certifications?
tv__non-brand__ESG,What is the most eco-friendly TV available in 2026?
tv__non-brand__dolby vision tv,Which TVs with Dolby Vision have the best built-in speakers?
tv__non-brand__dolby vision tv,Which smart TVs support Dolby Vision in all major streaming apps?
tv__non-brand__dolby vision tv,What are the top-rated OLED TVs with Dolby Vision?
tv__non-brand__dolby vision tv,Which budget-friendly TVs include Dolby Vision support?
tv__non-brand__dolby vision tv,What are some highly recommended 65-inch TVs with Dolby Vision?
tv__non-brand__dolby vision tv,Which 55-inch TVs with Dolby Vision are best for home theater?
tv__non-brand__dolby vision tv,What are some affordable large screen TVs with Dolby Vision?
tv__non-brand__black level,What are the top features to prioritize in a black-level focused TV?
tv__non-brand__black level__Premium,Which TVs have the best black levels right now?
tv__non-brand__black level,What OLED TVs are best for premium picture quality and perfect blacks?
tv__non-brand__ultra large__86 inch tv__Premium,How do 86 inch TVs compare by customer service experiences?
tv__non-brand__ultra large__86 inch tv__Premium,Which 86 inch TVs have proven reliability over time?
tv__non-brand__ultra large__86 inch tv__Premium,What are the most feature-rich 86 inch TVs available?
tv__non-brand__ultra large__86 inch tv__Premium,How do top 86 inch TVs compare on smart TV platforms?
tv__non-brand__ultra large__86 inch tv__General,Which 86 inch TVs have the strongest audio quality?
tv__non-brand__ultra large__86 inch tv__General,Which 86 inch TVs offer the clearest images for movies?
tv__non-brand__ultra large__86 inch tv__Premium,Which 86 inch TVs are best for premium home theaters?
tv__non-brand__ultra large__85 inch tv__General,What are the top features to look for in an 85 inch TV?
tv__non-brand__ultra large__85 inch tv__Premium,What are the most recommended 85 inch TVs for sports fans?
tv__non-brand__ultra large__85 inch tv__Premium,How do prices for high-end 85 inch TVs compare?
tv__non-brand__ultra large__85 inch tv__General,How do 85 inch TVs compare by price range?
tv__non-brand__ultra large__85 inch tv__Premium,Which 85 inch TVs have the best built-in speakers?
tv__non-brand__ultra large__85 inch tv__Premium,What are the best value 85 inch TVs for premium buyers?
tv__non-brand__ultra large__85 inch tv__General,What are the best 85 inch TVs this year?
tv__non-brand__ultra large__85 inch tv__General,Are there any affordable 85 inch TVs with premium features?
tv__non-brand__ultra large__85 inch tv__Premium,Can you list the top-rated 85 inch TVs for smart features?
tv__non-brand__ultra large__85 inch tv__General,Which 85 inch TVs offer the best HDR performance?
tv__non-brand__ultra large__85 inch tv__General,Which 85 inch TVs have the lowest input lag for gaming?
tv__non-brand__ultra large__100 inch tv__General,Which 100 inch TVs are the thinnest?
tv__non-brand__ultra large__100 inch tv__Premium,Which 100 inch TVs are easiest to set up and use?
tv__non-brand__ultra large__100 inch tv__Premium,Which 100 inch TVs have the highest ratings from buyers?
tv__non-brand__ultra large__100 inch tv__General,Which 100 inch TVs have the best picture quality?
tv__non-brand__ultra large__100 inch tv__General,Which 100 inch TVs are best for gaming?
tv__non-brand__ultra large__100 inch tv__General,Which 100 inch TVs work best in a bright room?
tv__non-brand__ultra large__100 inch tv__Premium,Which 100 inch TVs offer the best warranty and support?
tv__non-brand__ultra large__100 inch tv__General,What are the top 100 inch TVs available right now?
tv__non-brand__ultra large__100 inch tv__Premium,What are the best 100 inch TVs available right now?
tv__non-brand__ultra large__100 inch tv__Premium,What are the top 100 inch TVs for movie lovers?
tv__non-brand__ultra large__100 inch tv__General,What are the best-reviewed 100 inch TVs?
tv__non-brand__ultra large__100 inch tv__Premium,Can you list good 100 inch TVs for large living rooms?
tv__non-brand__ultra large__100 inch tv__General,Are there any 100 inch TVs with smart home compatibility?
tv__non-brand__ultra large__100 inch tv__General,Are there any 100 inch TVs with great built-in sound?
tv__non-brand__ultra large__100 inch tv__Premium,Are there 100 inch TVs with advanced smart features?
tv__non-brand__ultra large__100 inch tv__General,Which 100 inch TVs have the fastest refresh rates?
tv__non-brand__tv size__65 inch tv__general,How do different 65 inch smart TVs compare for streaming apps?
tv__non-brand__tv size__65 inch tv__general,How do different 65 inch TVs compare in terms of smart OS features?
tv__non-brand__tv size__65 inch tv__general,How do the leading 65 inch 4K TVs compare?
tv__non-brand__tv size__65 inch tv__general,What are the best 65 inch TVs available right now?
tv__non-brand__tv size__65 inch tv__general,How do prices of 65 inch TVs compare across different brands?
tv__non-brand__tv size__65 inch tv__low funnel,what is best 65 inch tv for the money?
tv__non-brand__tv size__65 inch tv__low funnel,Which 65 inch TVs offer the best value for the price?
tv__non-brand__tv size__65 inch tv__low funnel,What are the best deals on 65-inch TVs?
tv__non-brand__tv size__65 inch tv__general,What are the most popular 65 inch TVs for movies and streaming?
tv__non-brand__tv size__65 inch tv__general,Which 65 inch TVs are recommended for seniors or tech beginners?
tv__non-brand__tv size__65 inch tv__general,Which 65 inch TVs offer the most HDMI ports?
tv__non-brand__tv size__65 inch tv__general,Which 65 inch TVs work best with soundbars?
tv__non-brand__tv size__65 inch tv__general,Which 65 inch TVs are recommended for wall mounting?
tv__non-brand__tv size__65 inch tv__general,What 65 inch TVs are known for having the least motion blur?
tv__non-brand__tv size__65 inch tv__general,What 65 inch TVs offer the best overall sound without an external speaker?
tv__non-brand__tv size__65 inch tv__general,What are the thinnest 65 inch TVs available?
tv__non-brand__tv size__65 inch tv__general,What are the best 65 inch TVs for streaming live TV?
tv__non-brand__tv size__65 inch tv__general,How does input lag compare on popular 65 inch TVs?
tv__non-brand__tv size__65 inch tv__general,Which 65 inch TVs support Dolby Vision and Atmos?
tv__non-brand__tv size__65 inch tv__general,Which 65 inch TVs are most compatible with Apple AirPlay?
tv__non-brand__tv size__65 inch tv__general,What are the key pros and cons of the most popular 65 inch TVs?
tv__non-brand__tv size__65 inch tv__general,What are the main differences between the top 65 inch TV models?
tv__non-brand__tv size__65 inch tv__general,What are the differences between the latest 65 inch TV models?
tv__non-brand__tv size__65 inch tv__general,Which 65 inch TVs are best for mounting above a fireplace?
tv__non-brand__tv resolution,Which TVs offer the most detailed picture for the price?
tv__non-brand__tv resolution,What are the best mid-size TVs with ultra-high resolution?
tv__non-brand__tv resolution,Are there budget-friendly TVs with high-resolution displays?
tv__non-brand__tv resolution,Which high-end TVs are future-proof in terms of resolution?
tv__non-brand__tv resolution,Which TVs combine high resolution with the best overall features?
tv__non-brand__tv resolution,Which expert-recommended TVs offer the sharpest resolution?
tv__non-brand__tv resolution,Which large-screen TVs have the sharpest resolution?
tv__non-brand__art tv,Which ultra thin TVs receive the highest ratings from experts and users?
tv__non-brand__art tv,How do ultra thin TVs compare in price?
tv__non-brand__art tv,Which ultra thin TVs have the most advanced features?
tv__non-brand__art tv,What are the differences between the top ultra thin TVs in terms of features?
tv__non-brand__art tv,What ultra thin TVs are available in 65 inches or larger?
tv__non-brand__art tv,Which models are considered the best ultra thin TVs for design-focused living rooms?
tv__non-brand__art tv,Which brands make the thinnest premium TVs with superb picture quality?
tv__non-brand__art tv,Which thin TVs blend best into modern interiors?
tv__non-brand__art tv,Which thinnest TVs are best for home theaters?
tv__non-brand__art tv,What ultra thin TVs are on the market?
tv__non-brand__art tv,Which TVs are considered the thinnest right now?
tv__non-brand__art tv,What thinnest TVs also come in large screen sizes?
tv__non-brand__art tv,What are the best ultra-large TVs with a slim designer profile?
tv__non-brand__art tv,Which TVs blend best with modern living rooms?
tv__non-brand__art tv,What are the best TVs that can double as home decor?
tv__non-brand__art tv,What are the best large-screen TVs with subtle elegant designs?
tv__non-brand__art tv,What are the most reliable stylish TVs for families?
tv__non-brand__art tv,How do top design TVs compare for aesthetics and visual impact?
tv__non-brand__art tv,Which high-end TVs have won design awards recently?
tv__non-brand__art tv,Which TV models focus on design as much as performance?
tv__non-brand__art tv,Which TVs have the best ambient or decorative display features?
tv__non-brand__art tv,Which TVs have the most stylish or minimalist looks?
tv__non-brand__art tv,What are the highest rated design TVs by interior designers and professionals?
tv__non-brand__art tv,What are the best TVs with unique or modern designs?
tv__non-brand__art tv,What are the most recommended designer TVs for small spaces?
tv__non-brand__art tv,Which TVs have matte or anti-glare screens with stylish frames?
tv__non-brand__art tv,What are some TVs that disguise as artwork or photo frames?
tv__non-brand__art tv,What are the best TVs for luxury interiors?
tv__non-brand__art tv,Which smart TVs look best on open shelving or TV stands?
tv__non-brand__wireless tv__Premium,What wireless TVs are recommended for premium home setups?
tv__non-brand__wireless tv__Premium,Which wireless TVs come with advanced smart features?
tv__non-brand__wireless tv__Premium,Which wireless TVs support the latest wireless connectivity standards?
tv__non-brand__wireless tv__Premium,Which wireless TVs are easiest to set up and use?
tv__non-brand__wireless tv__Premium,Which wireless TVs come with the longest warranties?
tv__non-brand__wireless tv__Premium,Which wireless TVs offer the best picture quality?
tv__non-brand__wireless tv__General,Which TVs offer true wireless connectivity for easy setup?
tv__non-brand__wireless tv__General,what is best wireless tv?
tv__non-brand__wireless tv__Premium,What wireless TVs get the best feedback for sound quality?
tv__non-brand__wireless tv__General,What wireless TVs offer the most flexible mounting options?
tv__non-brand__wireless tv__Premium,Which wireless TVs are known for the most reliable wireless connections?
tv__non-brand__webOS & AI TV__ai tv,How do AI TVs compare for accessibility features?
tv__non-brand__webOS & AI TV__ai tv,Which AI TVs have the most intuitive user interface?
tv__non-brand__webOS & AI TV__ai tv,Which AI TVs have the best customer reviews?
tv__non-brand__webOS & AI TV__ai tv,Which AI TVs have the best picture quality?
tv__non-brand__webOS & AI TV__ai tv,Which AI TVs receive the most frequent software updates?
tv__non-brand__webOS & AI TV__ai tv,Which AI TVs are best for gaming?
tv__non-brand__webOS & AI TV__ai tv,Which AI TVs offer customizable picture settings?
tv__non-brand__webOS & AI TV__ai tv,What are the best AI TVs available right now?
tv__non-brand__webOS & AI TV__ai tv,Which AI TVs can recommend shows based on my viewing habits?
tv__non-brand__webOS & AI TV__ai tv,What are the top AI TVs with 4K resolution?
tv__non-brand__webOS & AI TV__tv operating system,Which TVs get new features after firmware updates?
tv__non-brand__webOS & AI TV__tv operating system,Which TVs offer automatic firmware updates?
tv__non-brand__ultra large__large tv,What are the most popular large TVs on the market?
tv__non-brand__ultra large__large tv,What large TVs come with the best smart features?
tv__non-brand__ultra large__large tv,Which large TVs deliver the best value for the price?
tv__non-brand__ultra large__large tv,What are some affordable options for large screen TVs?
tv__non-brand__ultra large__large tv,What are the best large TVs for sports viewing?
tv__non-brand__ultra large__large tv,What are the best deals on large TVs this year?
tv__non-brand__ultra large__large tv,What are the top-rated large TVs available right now?
tv__non-brand__ultra large__large tv,Which large TVs have the highest customer satisfaction ratings?
tv__non-brand__ultra large__large tv,Which large TVs offer the best upscaling for non-4K content?
tv__non-brand__ultra large__large tv,Which large televisions have the best anti-glare screens?
tv__non-brand__ultra large__large tv,What are the best large TVs for bright rooms?
tv__non-brand__ultra large__large tv,Which large smart TVs support voice control?
tv__non-brand__tv size__75 inch tv,Which 75 inch TVs have the best customer reviews?
tv__non-brand__tv size__75 inch tv,Which 75 inch TVs have the best anti-reflective screens?
tv__non-brand__tv size__75 inch tv,Which 75 inch TVs have the best motion handling?
tv__non-brand__tv size__75 inch tv,What are some 75 inch TVs with minimal glare screens?
tv__non-brand__tv size__75 inch tv,Which 75 inch TVs offer the best picture quality?
tv__non-brand__tv size__75 inch tv,Which 75 inch TVs offer the best value for the money?
tv__non-brand__tv size__75 inch tv,What are the best 75 inch TVs for bright rooms?
tv__non-brand__tv size__75 inch tv,What are the top 75 inch TVs for sports viewing?
tv__non-brand__tv size__75 inch tv,What are the top-rated 75 inch TVs available right now?
tv__non-brand__tv size__75 inch tv,Which 75 inch TVs come with the best warranties?
tv__non-brand__tv size__75 inch tv,Which 75 inch TVs offer the best deals during major sales?
tv__non-brand__tv size__75 inch tv,What are the most popular 75-inch TVs right now?
tv__non-brand__tv size__75 inch tv,Which 75 inch TVs are recommended for large living rooms?
tv__non-brand__tv size__75 inch tv,What are the lightest 75 inch TVs for easy installation?
tv__non-brand__tv size__75 inch tv,What are the top 75 inch TVs for wall mounting?
tv__non-brand__ultra large__115 inch tv,What are the best-reviewed 115 inch TVs?
tv__non-brand__tv size__55 inch tv,What are the most affordable 55 inch TVs with good reviews?
tv__non-brand__tv size__55 inch tv,What are the best 55 inch smart TVs with built-in streaming apps?
tv__non-brand__tv size__55 inch tv,What are the best 55 inch TVs with slim bezels?
tv__non-brand__tv size__55 inch tv,What are the best 55 inch TVs right now?
tv__non-brand__tv size__55 inch tv,What are the top 55 inch TVs with multiple HDMI ports?
tv__non-brand__tv size__55 inch tv,What features do the most popular 55 inch TVs have in common?
tv__non-brand__tv size__55 inch tv,What are popular 55 inch TVs for home theater setups?
tv__non-brand__tv size__55 inch tv,Which 55 inch TVs are the easiest to set up and use?
tv__non-brand__tv size__55 inch tv,Which 55 inch TVs are best for gaming?
tv__non-brand__tv size__55 inch tv,Which 55 inch TVs are best for smaller living rooms?
tv__non-brand__tv size__55 inch tv,Which 55 inch TVs are best for bright rooms?
tv__non-brand__tv size__55 inch tv,Which 55 inch TVs are best for streaming live sports?
tv__non-brand__tv size__55 inch tv,What are the most rugged or durable 55 inch TVs for frequent use?
tv__non-brand__tv size__55 inch tv,What are the top 55 inch TVs with low input lag for gaming?
tv__non-brand__tv size__55 inch tv,What are the best 55 inch TVs for movie lovers?
tv__non-brand__tv size__55 inch tv,What are the top-rated 55 inch TVs for watching sports?
tv__non-brand__tv size__55 inch tv,Can you recommend the best 55 inch TV for gaming?
tv__non-brand__tv size__55 inch tv,What are the best 55 inch TVs for wall mounting?
tv__non-brand__tv size__55 inch tv,What are the main differences between 55 inch TV models across price ranges?
tv__non-brand__tv size__55 inch tv,Which 55 inch TVs support Dolby Vision and Atmos?
tv__non-brand__tv resolution,What are the easiest 4k TVs to set up?
tv__non-brand__tv resolution,Which 4k TVs have the most user-friendly interfaces?
tv__non-brand__tv resolution,Which 4k TVs have the best picture quality?
tv__non-brand__tv resolution,Which 4k TVs offer the best value for the price?
tv__non-brand__tv resolution,What are the best budget TVs with 4K resolution?
tv__non-brand__tv resolution,What are the best 4k TVs available right now?
tv__non-brand__tv resolution,What are the most popular 4k TVs on the market?
tv__non-brand__tv resolution,What are the top-rated 4k TV models this year?
tv__non-brand__tv resolution,What are the best 4K TV deals currently?
tv__non-brand__tv resolution,Which 4k TVs have the thinnest bezels?
tv__non-brand__tv resolution,How do different 4k TV brands compare for customer service?
tv__non-brand__tv resolution,How do I choose the best 4K TV with FreeSync for gaming?
tv__non-brand__tv resolution,What 4k TV sizes are available and how do I choose?
tv__non-brand__tv resolution,What are the best 4k TVs for sports viewing?
tv__non-brand__tv resolution,Which 4k TVs have the best upscaling for non-4k content?
tv__non-brand__tv resolution,Which 4k TVs support Dolby Vision and HDR10?
tv__non-brand__tv resolution,What 4k TVs work best for streaming movies?
tv__non-brand__tv resolution,What 4k TVs are best for bright rooms?
tv__non-brand__tv resolution,What are the top 4k TVs with HDMI 2.1 support?
tv__non-brand__tv resolution,Which 4k TVs are best for gaming?
tv__non-brand__tv brightness__General,Which smart TVs have the brightest screens for daytime viewing?
tv__non-brand__tv brightness__Premium,What are premium TV options with outstanding peak brightness for movies and sports?
tv__non-brand__tv brightness__General,Which premium TVs offer exceptional brightness and clarity?
tv__non-brand__tv brightness__General,Which TVs have adjustable brightness for different lighting conditions?
tv__non-brand__tv brightness__Premium,What are the top-ranked TVs for high peak brightness?
tv__non-brand__tv brightness__General,Which TVs offer the best balance between high brightness and picture quality?
tv__non-brand__tv brightness__Premium,What are the most reliable premium TVs for sustained peak brightness over time?
tv__non-brand__tv brightness__General,What are the best value TVs with high peak brightness?
tv__non-brand__tv brightness__General,What are the brightest TVs for gaming?
tv__non-brand__tv brightness__Premium,What are the best options for TVs with exceptional peak brightness?
tv__non-brand__tv brightness__General,What are the most popular TVs known for high brightness?
tv__non-brand__tv brightness__General,What are the most recommended TVs for high-brightness environments?
tv__non-brand__tv brightness__General,What are the best TVs for a bright living room?
tv__non-brand__tv brightness__General,What are the best TVs for a sunlit living room?
tv__non-brand__tv brightness__General,Are there TVs with automatic brightness adjustment for rooms with lots of windows?
tv__non-brand__reflection free__General,How do different TV screens compare when it comes to handling reflections?
tv__non-brand__reflection free__General,Can you list TVs with the best performance in rooms with natural light?
tv__non-brand__reflection free__Premium,Which TVs offer advanced glare reduction features worth the investment?
tv__non-brand__reflection free__Premium,What are the best-rated TVs to minimize reflection during the day?
tv__non-brand__reflection free__Premium,Can you show me a list of TVs with top glare control features?
tv__non-brand__reflection free__Premium,What premium TVs have the best technology for reducing screen glare?
tv__non-brand__reflection free__General,What are the top-rated TVs for minimizing screen glare?
tv__non-brand__reflection free__Premium,What are some TVs with glass screens that still reduce glare well?
tv__non-brand__reflection free__General,Which TV screens have the least reflection problems?
tv__non-brand__picture quality__general,What are the top-rated TVs for picture clarity?
tv__non-brand__picture quality__premium,Which TVs offer both excellent picture quality and reliable brand reputation?
tv__non-brand__picture quality__premium,Which TVs have the most realistic color reproduction?
tv__non-brand__picture quality__general,What are the best TVs for realistic color and contrast?
tv__non-brand__picture quality__premium,Which large-screen TVs have the clearest picture?
tv__non-brand__picture quality__general,Which affordable TVs have great picture quality?
tv__non-brand__picture quality__general,Which TVs have the highest picture quality for movies?
tv__non-brand__picture quality__general,What TVs have the best picture quality for watching in the dark?
tv__non-brand__picture quality__general,What TVs offer the best viewing angles and picture quality?
tv__non-brand__picture quality__premium,Which premium TVs are best for upscaling lower-resolution content?
tv__non-brand__picture quality__general,Which TVs are best for streaming with exceptional picture quality?
tv__non-brand__picture quality__general,Which TVs are best for watching sports in terms of picture quality?
tv__non-brand__picture quality__premium,What are the best TVs for viewing sports with top picture quality?
tv__non-brand__picture quality__premium,Which TVs have the best contrast and deep blacks?
tv__non-brand__picture quality__premium,Which TVs have won awards for picture quality?
tv__non-brand__picture quality__premium,Which TVs offer both great picture quality and user-friendly interfaces?
tv__non-brand__picture quality__premium,How do different TV brands compare in terms of picture quality?
tv__non-brand__picture quality__premium,Which high-end TVs have the sharpest images?
tv__non-brand__picture quality__general,Which TVs have the sharpest image quality available?
tv__non-brand__picture quality__premium,Which TVs excel in picture quality for streaming movies?
tv__non-brand__picture quality__general,Which TVs have the best local dimming for picture quality?
tv__non-brand__picture quality__general,What are the best TVs for upscaling standard HD content?
tv__non-brand__picture quality__general,Which TV brands are known for the best picture quality?
tv__non-brand__picture quality__premium,Are there any TV brands consistently rated highest for picture quality?
tv__non-brand__micro rgb__Premium,How do customer satisfaction scores compare across leading micro RGB TV models?
tv__non-brand__micro rgb__General,Which micro RGB TVs are recommended for home theater setups?
tv__non-brand__micro rgb__Premium,Which micro RGB TVs are known for exceptional build quality?
tv__non-brand__micro rgb__General,Which micro RGB TVs are easiest to set up and calibrate?
tv__non-brand__micro rgb__Premium,What micro RGB TVs have received the most positive expert reviews?
tv__non-brand__micro rgb__General,Which micro RGB TVs have the highest customer ratings?
tv__non-brand__micro rgb__Premium,Which micro RGB TVs are best for cinematic experience at home?
tv__non-brand__micro rgb__Premium,Which micro RGB TVs offer the highest picture quality?
tv__non-brand__micro rgb__General,Which micro RGB TVs offer the best upscaling performance?
tv__non-brand__micro rgb__Premium,Which micro RGB TVs offer the best motion handling for sports or gaming?
tv__non-brand__micro rgb__General,Which micro RGB TVs offer the best value for the price?
tv__non-brand__micro rgb__Premium,What are the top premium micro RGB TVs and their pros and cons?
tv__non-brand__micro rgb__Premium,Can you list the micro RGB TVs that are best for home theater enthusiasts?
tv__non-brand__micro rgb__General,Which micro RGB TVs offer the best smart TV features?
tv__non-brand__micro rgb__General,What sizes do micro RGB TVs come in?
tv__non-brand__hdr tv__general,What are the most reliable HDR TVs currently available?
tv__non-brand__hdr tv__Premium,Which HDR TVs offer the widest color range and contrast?
tv__non-brand__hdr tv__Premium,What are the quietest high-end HDR TVs in terms of operation?
tv__non-brand__hdr tv__general,How do budget HDR TVs compare to premium ones?
tv__non-brand__hdr tv__Premium,How do the best HDR TVs compare in terms of build quality?
tv__non-brand__hdr tv__Premium,Which HDR TVs have the most advanced features for power users?
tv__non-brand__hdr tv__Premium,Which HDR TVs have the best image processing technology?
tv__non-brand__hdr tv__Premium,Which HDR TVs offer the highest picture quality for premium buyers?
tv__non-brand__hdr tv__Premium,Which HDR TVs deliver the best value for premium prices?
tv__non-brand__hdr tv__Premium,What HDR TVs are best for side angle viewing?
"audio__non-brand__speaker__Water, Dust Resistance",Which brands are known for the most durable water resistant speakers?
"audio__non-brand__speaker__Water, Dust Resistance",Which speakers offer the best dust protection?
"audio__non-brand__speaker__Water, Dust Resistance",Which speakers are best for camping?
"audio__non-brand__speaker__Water, Dust Resistance",Which speakers are best for a dusty environment?
"audio__non-brand__speaker__Water, Dust Resistance",Which water resistant speakers offers the best value?
"audio__non-brand__speaker__Water, Dust Resistance",What are the best water resistant Bluetooth speakers available now?
audio__non-brand__speaker__speaker sound quality,how do bluetooth speakers compare for audio quality
audio__non-brand__speaker__speaker sound quality,which wireless speakers offer the most powerful sound?
audio__non-brand__speaker__speaker sound quality,which smart speakers have the best sound quality
audio__non-brand__speaker__speaker sound quality,which portable speakers offer strong bass performance
audio__non-brand__speaker__speaker sound quality,what are the best speakers for bass-heavy music
audio__non-brand__speaker__speaker sound quality,What are the best large speakers with powerful sound?
audio__non-brand__sound suite__Speaker Sets / Combination,What are the best speaker configurations for a premium home theater setup?
audio__non-brand__sound suite__Speaker Sets / Combination,Which speaker sets with subwoofers give the best value for home theater use?
audio__non-brand__sound suite__Speaker Sets / Combination,Which speaker sets are best in terms of immersive sound?
audio__non-brand__sound suite__Speaker Sets / Combination,What are the top-rated speaker combinations for small apartments that deliver premium sound?
audio__non-brand__sound suite__Speaker Sets / Combination,What are the best speaker set to a full surround system that feel immersive?
audio__non-brand__sound suite__Speaker Sets / Combination,List the best speaker combinations for a premium immersive home audio experience.
audio__non-brand__sound suite__Speaker Sets / Combination,Which premium speaker sets have the best wireless range and stable connectivity?
audio__non-brand__sound suite__Speaker Sets / Combination,What are the best wireless speaker sets for optimized audio and streaming services?
audio__non-brand__sound suite__Speaker Sets / Combination,What are the best high-end speaker sets for a premium living room audio setup?
audio__non-brand__sound suite__Speaker Sets / Combination,List the best speaker combinations with room calibration for a high-end experience.
audio__non-brand__speaker__Speaker Design / Size,What are mini speakers with good sound quality?
audio__non-brand__speaker__Speaker Design / Size,What are the top mini speakers for reliable Bluetooth range and stability?
audio__non-brand__speaker__Speaker Design / Size,What are the best compact speakers without loss in audio quality?
audio__non-brand__speaker__Speaker Design / Size,Which mini speakers balance portability and premium sound the best?
audio__non-brand__speaker__Speaker Design / Size,What are the top large speakers for users who want premium sound?
audio__non-brand__speaker__speaker battery life,Which speaker offers high-capacity battery?
audio__non-brand__speaker__speaker battery life,Which speakers offer long battery life outdoors?
audio__non-brand__speaker__speaker battery life,What is the best speaker with long battery life?
audio__non-brand__speaker__speaker battery life,Where can I buy a party speaker with a replaceable battery?
audio__non-brand__speaker__speaker battery life,What are the best compact speakers with long battery life and lightweight design?
audio__non-brand__speaker__speaker battery life,What are the best speakers based on battery life and portability?
audio__non-brand__speaker__speaker battery life,which wireless speakers have the longest battery life
audio__non-brand__sound suite__spatial sound,Which speaker brands offer the most advanced spatial audio features?
audio__non-brand__sound suite__spatial sound,How do I calibrate speakers for an optimal spatial sound stage?
audio__non-brand__sound suite__spatial sound,Which top-rated systems provide flexible placement for a TV setup without running cables across the room?
audio__non-brand__sound suite__spatial sound,Which premium spatial sound systems offer the best wireless connectivity options?
audio__non-brand__speaker__portable speaker,what portable speakers have the sturdiest build for outdoor adventures
audio__non-brand__speaker__portable speaker,Which portable speakers are best?
audio__non-brand__speaker__portable speaker,what are the lightest and most compact portable speakers
audio__non-brand__speaker__portable speaker,which portable speakers offer good sound quality
audio__non-brand__speaker__portable speaker,what are the best portable speakers for both indoors and outdoors
audio__non-brand__speaker__portable speaker,What are the best portable speakers right now with premium sound and build?
audio__non-brand__speaker__portable speaker,which portable speakers offer long usage time
audio__non-brand__speaker__portable speaker,how do the top portable speakers compare on price vs. performance
audio__non-brand__speaker__portable speaker,which large portable speakers have the most powerful sound and longest usage time
audio__non-brand__speaker__party speaker,which party speakers are compatible with bluetooth 
audio__non-brand__speaker__party speaker,which party speakers can connect to each other for stereo sound
audio__non-brand__speaker__party speaker,What are outdoor speakers for parties and gatherings?
audio__non-brand__speaker__party speaker,what party speakers are recommended for indoor versus outdoor use
audio__non-brand__speaker__party speaker,what are the latest party speakers released this year
audio__non-brand__speaker__party speaker,what are the best portable party speakers for large gatherings
audio__non-brand__speaker__party speaker,how do different party speakers compare on portability
audio__non-brand__speaker__party speaker,what portable party speakers are easy to set up and use
audio__non-brand__speaker__party speaker,which party speakers have the clearest vocals for karaoke 
audio__non-brand__speaker__party speaker,which party speakers support karaoke feature?
audio__non-brand__speaker__party speaker,which party speakers offer the most powerful bass
audio__non-brand__speaker__outdoor speaker,which wireless speakers are best for outdoor use
audio__non-brand__speaker__outdoor speaker,which bluetooth speakers are best for outdoor use
audio__non-brand__speaker__outdoor speaker,What options are there for outdoor speakers with Bluetooth?
audio__non-brand__speaker__outdoor speaker,What are some outdoor speakers for parties and gatherings?
audio__non-brand__speaker__outdoor speaker,What compact outdoor speakers deliver powerful sound?
audio__non-brand__speaker__outdoor speaker,What are the best rugged portable speakers for hiking and camping?
audio__non-brand__sound suite__multichannel audio,which multi channel audio setup is best?
audio__non-brand__sound suite__multichannel audio,Which brands offer the best multi-channel home theater speakers?
audio__non-brand__sound suite__multichannel audio,What are the best multi channel speakers for home theater?
audio__non-brand__sound suite__immersive sound,How can an immersive audio system change my home theater experience?
audio__non-brand__sound suite__immersive sound,Which home audio brands are best for immersive sound?
audio__non-brand__sound suite__immersive sound,Which speaker brands offer immersive sound technology?
audio__non-brand__sound suite__immersive sound,Easy wireless spatial audio for living room
audio__non-brand__sound suite__immersive sound,Which wireless sound systems provide the best immersive surround experience?
audio__non-brand__sound suite__immersive sound,Are there any immersive audio bundles available for purchase?
audio__non-brand__sound suite__Home Audio Connectivity,Which sound systems allow easy speaker connection without wires?
audio__non-brand__sound suite__Home Audio Connectivity,Which sound systems can connect to both TVs and smartphones easily?
audio__non-brand__sound suite__Home Audio Connectivity,Which speaker systems make it easy to connect multiple speakers throughout my house?
audio__non-brand__sound suite__Home Audio Connectivity,What is the best wireless audio system for home?
audio__non-brand__sound suite__Home Audio Connectivity,What's the easiest way to connect speakers to a TV for a full home theater sound?
audio__non-brand__sound suite__Home Audio / Surround Sound System,What is the best sound system for home?
audio__non-brand__sound suite__Home Audio / Surround Sound System,What are the best  wireless home theater systems for easy integration with smart TVs?
audio__non-brand__sound suite__Home Audio / Surround Sound System,What are the leading home theater systems for cinematic experiences at home?
audio__non-brand__sound suite__Home Audio / Surround Sound System,Which home audio systems offer seamless wireless streaming features?
audio__non-brand__sound suite__Home Audio / Surround Sound System,What home audio systems are ideal for premium setups?
audio__non-brand__sound suite__Home Audio / Surround Sound System,What are the top home audio systems with high audio quality support?
audio__non-brand__sound suite__Home Audio / Surround Sound System,Which brands make the best modular speakers for a living room?
audio__non-brand__sound suite__Home Audio / Surround Sound System,Which home theater systems offer premium surround sound and flexible speaker placement?
audio__non-brand__sound suite__Home Audio / Surround Sound System,Which surround sound systems provide the most immersive experience for movies?
audio__non-brand__sound suite__Home Audio / Surround Sound System,Which surround sound systems offer the best audio quality for premium buyers?
audio__non-brand__sound suite__Home Audio / Surround Sound System,Which home theater systems deliver the best value for premium buyers?
audio__non-brand__sound suite__Home Audio / Surround Sound System,Which home theater systems are best for audiophiles seeking premium sound?
audio__non-brand__sound suite__Home Audio / Surround Sound System,Which home audio systems are best for both music and movies?
audio__non-brand__sound suite__Home Audio / Surround Sound System,What are the best surround sound systems for large living rooms?
audio__non-brand__sound suite__dolby atmos soundbar,Which Dolby Atmos soundbars are preferred by home cinema enthusiasts?
audio__non-brand__sound suite__dolby atmos soundbar,Does HDMI eARC support Dolby Atmos?
audio__non-brand__sound suite__dolby atmos soundbar,Which Dolby Atmos soundbars have the best reputation for ease of setup and use?
audio__non-brand__sound suite__dolby atmos soundbar,Which Dolby Atmos soundbars have seamless compatibility with smart TVs?
audio__non-brand__sound suite__dolby atmos soundbar,What are the leading Dolby Atmos soundbar options for large living rooms?
audio__non-brand__sound suite__dolby atmos soundbar,Can you list high-end Dolby Atmos soundbars known for premium audio performance?
audio__non-brand__sound suite__dolby atmos soundbar,Can you list Dolby Atmos soundbars that offer superior bass performance?
audio__non-brand__sound suite__dolby atmos soundbar,Which Dolby Atmos soundbars have the latest connectivity like Wi-Fi and Bluetooth?
audio__non-brand__sound suite__dolby atmos soundbar,What are some high-end Dolby Atmos soundbars with room calibration features?
audio__non-brand__sound suite__dolby atmos soundbar,Which Dolby Atmos soundbars offer the best overall sound quality for home theater?
audio__non-brand__sound suite__dolby atmos flexconnect,What types of speakers work best with Dolby Atmos FlexConnect?
audio__non-brand__sound suite__dolby atmos flexconnect,What are the main advantages of home audio systems with Dolby Atmos FlexConnect?
audio__non-brand__sound suite__dolby atmos flexconnect,Which sound systems are compatible with Dolby Atmos FlexConnect?
audio__non-brand__sound suite__dolby atmos flexconnect,What are some recommended Dolby Atmos FlexConnect-enabled sound systems?
audio__non-brand__sound suite__dolby atmos flexconnect,Which Dolby Atmos FlexConnect home theater systems have the best ease of setup?
audio__non-brand__sound suite__dolby atmos flexconnect,Which soundbars offer Dolby Atmos FlexConnect support?
audio__non-brand__sound suite__dolby atmos flexconnect,Which premium wireless surround sound systems work best with Dolby Atmos FlexConnect?
audio__non-brand__sound suite__dolby atmos flexconnect,Which home theater systems offer the most advanced features with Dolby Atmos FlexConnect?
audio__non-brand__sound suite__dolby atmos flexconnect,Which wireless speakers are compatible with Dolby Atmos FlexConnect?
audio__non-brand__speaker__Connectivity,which bluetooth speakers support Auracast?
audio__non-brand__speaker__Connectivity,How do I sync multiple speakers throughout my entire house?
audio__non-brand__speaker__Connectivity,How do I pair two Bluetooth speakers together for better audio?
audio__non-brand__speaker__Connectivity,Which is the best Auracast speaker in 2026?
audio__non-brand__speaker__bluetooth speaker,what are the most durable bluetooth speakers for camping
audio__non-brand__speaker__bluetooth speaker,which bluetooth speakers are compatible with both ios and android
audio__non-brand__speaker__bluetooth speaker,which bluetooth speakers are recommended for garden parties
audio__non-brand__speaker__bluetooth speaker,what are the best bluetooth speakers for parties
audio__non-brand__speaker__bluetooth speaker,which bluetooth speakers have the most convenient controls
audio__non-brand__speaker__bluetooth speaker,which bluetooth speakers are easiest to set up and use
audio__non-brand__speaker__bluetooth speaker,what bluetooth wireless speakers offer the best balance of price and quality
audio__non-brand__speaker__bluetooth speaker,which bluetooth speakers offer the best balance of price and quality
audio__non-brand__speaker__bluetooth speaker,which bluetooth speakers offer the clearest vocals
audio__non-brand__speaker__bluetooth speaker,what bluetooth speakers have the best bass performance
it__non-brand__Monitor Specs__Monitor Aspec Ratio__16:9 gaming monitor,What 16:9 gaming monitors offer the lowest response times for fast-paced games?
it__non-brand__Monitor Specs__Monitor Aspec Ratio__16:9 gaming monitor,How do the best 16:9 gaming monitors compare for image quality and input lag?
it__non-brand__Monitor Specs__Curved Monitor__curved gaming monitor,what are the main differences between ultrawide and standard curved monitors
it__non-brand__Monitor Specs__Curved Monitor__curved gaming monitor,what are the best curved monitors for dual monitor setups
it__non-brand__Monitor Specs__Curved Monitor__curved gaming monitor,which curved monitors have the widest field of view
it__non-brand__Monitor Specs__Curved Monitor__curved gaming monitor,Can you compare the pros and cons of different curve types in gaming monitors?
it__non-brand__Monitor Specs__Curved Monitor__curved gaming monitor,Which curved monitors are most popular with gamers who prefer a premium experience?
it__non-brand__Monitor Specs__Curved Monitor__curved gaming monitor,What are the latest curved gaming monitors with advanced gaming features?
it__non-brand__Monitor Specs__Curved Monitor__curved gaming monitor,what are the main pros and cons of using a curved monitor
it__non-brand__Monitor Specs__Curved Monitor__curved gaming monitor,What curved gaming monitors stand out for build quality and reliability?
it__non-brand__Monitor Specs__Curved Monitor__curved gaming monitor,Which curved gaming monitors come with extensive adjustability for ergonomic setups?
it__non-brand__Monitor Specs__Curved Monitor__curved gaming monitor,What curved gaming monitors offer the best customer reviews for quality and support?
it__non-brand__Monitor Specs__Curved Monitor__curved gaming monitor,what curved monitors offer both hdmi and displayport options
it__non-brand__Monitor Specs__Curved Monitor__curved gaming monitor,which curved monitors have the highest refresh rates available
it__non-brand__Monitor Specs__Curved Monitor__curved gaming monitor,which curved monitors offer the best colour accuracy
it__non-brand__Monitor Specs__Curved Monitor__curved gaming monitor,Which curved gaming monitors consistently make 'best of' lists from tech reviewers?
it__non-brand__Monitor Specs__Curved Monitor__curved gaming monitor,Which curved gaming monitors are best rated by both experts and users?
it__non-brand__Monitor Specs__Curved Monitor__curved gaming monitor,How do curved gaming monitors compare on viewing angles and immersion?
it__non-brand__Monitor Specs__Curved Monitor__curved gaming monitor,Which curved monitors are recommended for both gaming and everyday use?
it__non-brand__Monitor Specs__Curved Monitor__curved gaming monitor,Which curved gaming monitors get the best feedback for fast response times?
it__non-brand__Monitor Specs__Curved Monitor__curved gaming monitor,Which curved gaming monitors are top-rated for refresh rate and color accuracy?
it__non-brand__Monitor Specs__Curved Monitor__curved gaming monitor,how do different curved monitors handle glare and reflections
it__non-brand__Monitor Specs__Curved Monitor__800R curved gaming monitor,Which 800R curved gaming monitors are rated best by reviewers?
it__non-brand__Monitor Specs__Curved Monitor__800R curved gaming monitor,Which 800R curved monitors are most popular among pro gamers?
it__non-brand__Monitor Specs__Curved Monitor__800R curved gaming monitor,What are the main differences between 800R and 1000R curved gaming monitors?
it__non-brand__Monitor Specs__Curved Monitor__800R curved gaming monitor,Which 800R curved monitors have the best reputation for reliability and build quality?
it__non-brand__Monitor Specs__Curved Monitor__800R curved gaming monitor,What 800R curved gaming monitors come with advanced display technologies?
it__non-brand__Monitor Specs__Curved Monitor__800R curved gaming monitor,How do 800R curved gaming monitors compare in picture quality and refresh rate?
it__non-brand__Monitor Specs__Curved Monitor__800R curved gaming monitor,Which 800R curved monitors have the fastest response times?
it__non-brand__Monitor Specs__Curved Monitor__800R curved gaming monitor,What premium 800R curved gaming monitors offer the best features for immersive play?
it__non-brand__Monitor Specs__Curved Monitor__1500R curved gaming monitor,What are the main differences between 1500R and 1000R curved monitors for gaming?
it__non-brand__Monitor Specs__Curved Monitor__1500R curved gaming monitor,What 1500R curved monitors are popular among streamers and content creators?
it__non-brand__Monitor Specs__Curved Monitor__1500R curved gaming monitor,What features set the leading 1500R curved monitors apart from flatter alternatives?
it__non-brand__Monitor Specs__Curved Monitor__1500R curved gaming monitor,Which 1500R curved monitors have strong reputations for long-term durability?
it__non-brand__Monitor Specs__Curved Monitor__1500R curved gaming monitor,Which 1500R curved monitors have the best connectivity options for high-end gaming PCs?
it__non-brand__Monitor Specs__Curved Monitor__1500R curved gaming monitor,Which 1500R curved monitors offer the best user ratings and expert reviews?
it__non-brand__Monitor Specs__Curved Monitor__1500R curved gaming monitor,Which premium 1500R curved gaming monitors are recommended for competitive gaming?
it__non-brand__Monitor Specs__Curved Monitor__1500R curved gaming monitor,Which 1500R curved gaming monitors are most praised for picture clarity and brightness?
it__non-brand__Monitor Specs__Curved Monitor__1000R curved gaming monitor,What are the main advantages of a 1000R curve in gaming monitors compared to other curves?
it__non-brand__Monitor Specs__Curved Monitor__1000R curved gaming monitor,Which premium 1000R curved monitors offer advanced gaming features?
it__non-brand__Monitor Specs__Curved Monitor__1000R curved gaming monitor,What are the best 1000R curved monitors for multitasking and gaming?
it__non-brand__Monitor Specs__Curved Monitor__1000R curved gaming monitor,Which 1000R curved gaming monitors stand out for image quality and refresh rate?
it__non-brand__Monitor Specs__Curved Monitor__1000R curved gaming monitor,Which 1000R curved gaming monitors are known for reliable performance and positive user reviews?
it__non-brand__Monitor Specs__Curved Monitor__1000R curved gaming monitor,Can you list 1000R curved monitors that offer HDMI 2.1 and fast refresh rates?
it__non-brand__Monitor Refresh rate__dual mode refresh rate gaming monitor,Which gaming monitors support dual mode refresh rate switching?
it__non-brand__Monitor Refresh rate__dual mode refresh rate gaming monitor,What are the best gaming monitors with dual refresh rates?
it__non-brand__Monitor Refresh rate__dual mode refresh rate gaming monitor,Are there any ultrawide monitors with dual refresh rate modes for gaming?
it__non-brand__Monitor Refresh rate__dual mode refresh rate gaming monitor,What are the benefits of a dual mode refresh rate monitor compared to other premium options?
it__non-brand__Monitor Refresh rate__dual mode refresh rate gaming monitor,What are the most popular dual mode refresh rate monitors right now?
it__non-brand__Monitor Refresh rate__dual mode refresh rate gaming monitor,What are the pros and cons of using a dual mode refresh rate monitor for everyday tasks?
it__non-brand__Monitor Refresh rate__dual mode refresh rate gaming monitor,What features should I compare when choosing a dual mode refresh rate monitor?
it__non-brand__Monitor Refresh rate__dual mode refresh rate gaming monitor,Which gaming monitors allow easy switching between refresh rates?
it__non-brand__Monitor Refresh rate__dual mode refresh rate gaming monitor,What are the most reliable dual mode refresh rate monitors?
it__non-brand__Monitor Refresh rate__dual mode refresh rate gaming monitor,What are the top-rated dual mode refresh rate monitors for PC gamers?
it__non-brand__Monitor Refresh rate__dual mode refresh rate gaming monitor,Which gaming monitors offer dual refresh rate modes for different types of games?
it__non-brand__Monitor Refresh rate__dual mode refresh rate gaming monitor,Do any dual mode refresh rate monitors also offer adaptive sync technology?
it__non-brand__Monitor Refresh rate__dual mode refresh rate gaming monitor,Which gaming monitors have both high and low refresh rate settings?
it__non-brand__Monitor Refresh rate__dual mode refresh rate gaming monitor,What dual refresh rate monitors provide the best value for money?
it__non-brand__Monitor Refresh rate__dual mode refresh rate gaming monitor,Which dual mode monitors have the best reviews for switching between gaming and daily use?
it__non-brand__Monitor Refresh rate__dual mode refresh rate gaming monitor,How do dual mode refresh rate monitors compare to fixed refresh monitors for versatility?
it__non-brand__Monitor Refresh rate__dual mode refresh rate gaming monitor,Which dual mode refresh rate gaming monitors are good for competitive gaming?
it__non-brand__Monitor Refresh rate__dual mode refresh rate gaming monitor,How do dual mode refresh rate gaming monitors compare to single refresh rate models?
it__non-brand__Monitor Refresh rate__540hz gaming monitor,Which 540hz gaming monitors offer the most cutting-edge features for enthusiasts?
it__non-brand__Monitor Refresh rate__540hz gaming monitor,What are the benefits of upgrading to a 540hz monitor over a 360hz or 480hz model?
it__non-brand__Monitor Refresh rate__540hz gaming monitor,Which 540hz monitors are best for motion clarity and minimal ghosting?
it__non-brand__Monitor Refresh rate__480hz gaming monitor,Which 480hz gaming monitors are currently available for premium buyers?
it__non-brand__Monitor Refresh rate__480hz gaming monitor,What are the most advanced 480hz monitors with adaptive sync and low input lag?
it__non-brand__Monitor Refresh rate__480hz gaming monitor,Which 480hz monitors receive the best reviews for image quality and speed?
it__non-brand__Monitor Refresh rate__480hz gaming monitor,How do the newest 480hz monitors compare for gaming responsiveness?
it__non-brand__Monitor Refresh rate__360hz gaming monitor,What's the difference between top 360hz and 480hz gaming monitors?
it__non-brand__Monitor Refresh rate__360hz gaming monitor,How do 240hz and 360hz monitors compare for competitive gaming?
it__non-brand__Monitor Refresh rate__240hz gaming monitor,What's the difference between 1080p and 1440p 240Hz gaming monitors?
it__non-brand__Monitor Refresh rate__240hz gaming monitor,What are the highest rated 240hz monitors for premium gaming setups?
it__non-brand__Monitor Refresh rate__240hz gaming monitor,What are the best curved 240Hz gaming monitors?
it__non-brand__Monitor Refresh rate__240hz gaming monitor,Which 240Hz monitors offer the fastest response times?
it__non-brand__Monitor Refresh rate__240hz gaming monitor,What are the best-rated 240Hz gaming monitors for first-person shooters?
it__non-brand__Monitor Refresh rate__240hz gaming monitor,What are the main trade-offs between 165hz and 240hz monitors?
it__non-brand__Monitor Refresh rate__240hz gaming monitor,Which 240hz monitors offer the best value for high-end gaming performance?
it__non-brand__Monitor Refresh rate__240hz gaming monitor,Which 240Hz gaming monitors have the best warranty or customer support?
it__non-brand__Monitor Refresh rate__240hz gaming monitor,What are the leading 240hz monitors for brilliant colors and wide viewing angles?
it__non-brand__Monitor Refresh rate__240hz gaming monitor,What 240Hz gaming monitors are best for eye comfort and low blue light?
it__non-brand__Monitor Refresh rate__240hz gaming monitor,Which 240Hz gaming monitors are easiest to set up for dual display?
it__non-brand__Monitor Refresh rate__240hz gaming monitor,What are the best 240Hz gaming monitors for split-screen multitasking?
it__non-brand__Monitor Refresh rate__240hz gaming monitor,Which 240Hz gaming monitors offer height and tilt adjustments?
it__non-brand__Monitor Refresh rate__240hz gaming monitor,Which 240hz gaming monitors come with the best adjustable stands and ergonomics?
it__non-brand__Monitor Refresh rate__240hz gaming monitor,Which 240hz gaming monitors are best for esports players who want ultra-fast refresh?
it__non-brand__Monitor Refresh rate__240hz gaming monitor,Which 240Hz gaming monitors handle motion blur the best?
it__non-brand__Monitor Refresh rate__240hz gaming monitor,Which 240Hz gaming monitors are best for esports titles?
it__non-brand__Monitor Refresh rate__240hz gaming monitor,How do 240hz gaming monitors compare in terms of speed and color reproduction?
it__non-brand__Monitor Refresh rate__165 hz gaming monitor,What are the best 165hz gaming monitors for 1440p resolution?
it__non-brand__Monitor Refresh rate__165 hz gaming monitor,What are the best 165hz monitors for ultrawide gaming?
it__non-brand__Monitor Refresh rate__165 hz gaming monitor,What are the most popular curved 165hz monitors for immersive gaming?
it__non-brand__Monitor Refresh rate__165 hz gaming monitor,What are the best 165hz gaming monitors for curved display fans?
it__non-brand__Monitor Refresh rate__165 hz gaming monitor,Which 165hz gaming monitors are the thinnest or most compact?
it__non-brand__Monitor Refresh rate__165 hz gaming monitor,Which 165hz monitors are rated highest by PC gaming communities?
it__non-brand__Monitor Refresh rate__165 hz gaming monitor,Which 165hz monitors are the easiest to mount on the wall?
it__non-brand__Monitor Refresh rate__165 hz gaming monitor,What are some 165hz monitors with eye-care technologies?
it__non-brand__Monitor Refresh rate__165 hz gaming monitor,What are the most durable 165hz gaming monitors?
it__non-brand__Monitor Refresh rate__165 hz gaming monitor,Which 165hz monitors work best with gaming consoles?
it__non-brand__Monitor Refresh rate__165 hz gaming monitor,What are some good 165hz monitors for both gaming and work use?
it__non-brand__Monitor Refresh rate__165 hz gaming monitor,Which monitors give the smoothest gameplay at 165hz refresh rate?
it__non-brand__Monitor Refresh rate__165 hz gaming monitor,What's the best 165hz gaming monitor for first-person shooters?
it__non-brand__Monitor Refresh rate__165 hz gaming monitor,What are the most affordable 165hz gaming monitors with high-end features?
it__non-brand__Monitor Refresh rate__144hz gaming monitor,Which 144hz monitors offer the best balance of fast response time and high resolution?
it__non-brand__Monitor Panel Type__other panel type,what are popular screen sizes for each monitor panel type
it__non-brand__Monitor Panel Type__other panel type,what is best ips monitor
it__non-brand__Monitor Panel Type__other panel type,what are the differences between ips tn and va monitors
it__non-brand__Monitor Panel Type__other panel type,what panel types support the highest refresh rates
it__non-brand__Monitor Panel Type__other panel type,what are the best monitor panels for gaming
it__non-brand__Monitor Panel Type__other panel type,which monitor panel types have the best colour accuracy
it__non-brand__Monitor Panel Type__other panel type,which monitor panel types are best for gaming
it__non-brand__Monitor Panel Type__other panel type,what are the main types of monitor panels and how do they differ
it__non-brand__Monitor Panel Type__other panel type,what is best mini-led monitor
it__non-brand__Monitor Panel Type__other panel type,what is best w-oled monitor
it__non-brand__Monitor Panel Type__other panel type,what is best qd-oled monitor
it__non-brand__Monitor Panel Type__other panel type,which monitor panel types are best for reducing eye strain
it__non-brand__Monitor Panel Type__other panel type,what is best oled monitor
it__non-brand__Monitor Panel Type__other panel type,which panel types are commonly used in curved monitors
it__non-brand__Monitor Panel Type__mini-led,Which gaming monitors get bright enough to see clearly even when the sun is shining directly into my room?
it__non-brand__Monitor Panel Type__mini-led,Who makes the best Mini-LED monitor?
it__non-brand__Monitor Panel Type__mini-led,Is mini LED good for gaming monitors?
it__non-brand__Monitor Panel Type__mini-led,Is mini LED or OLED better for gaming?
it__non-brand__Monitor Connectivity,which monitors are easiest to connect to a docking station
it__non-brand__Monitor Connectivity,which monitors offer the best range of connectivity options
it__non-brand__Monitor Connectivity,which monitors support daisy-chaining multiple screens with one cable
it__non-brand__Monitor Connectivity,what are the top monitors that have multiple input ports for different devices
it__non-brand__Monitor Connectivity,which monitors make it easy to switch between connected work and personal devices
it__non-brand__Monitor Connectivity,which monitors allow easy switching between connected devices
it__non-brand__Monitor Connectivity,what monitors have the most versatile input and output options
it__non-brand__Monitor Connectivity,what monitors can be connected to more than one computer and easily switch between them
it__non-brand__Monitor Connectivity,what are the best monitors for connecting multiple devices at once
it__non-brand__Monitor Connectivity,what are the best monitors with fast refresh rates and multiple connectivity options
it__non-brand__Monitor Connectivity,which monitors support usb-c connectivity for laptops
it__non-brand__Monitor Connectivity,what monitors come with high-speed usb-c power delivery
it__non-brand__Monitor Connectivity,which monitors feature thunderbolt connectivity
it__non-brand__Monitor Color Accuracy,What are the main differences in color accuracy between top monitor brands?
it__non-brand__Monitor Color Accuracy,How do entry-level and professional monitors compare for color accuracy?
it__non-brand__Monitor Color Accuracy,What monitors are most recommended for true-to-life color reproduction?
it__non-brand__Monitor Color Accuracy,Which monitors are most reliable for long-term color consistency?
it__non-brand__Monitor Color Accuracy,What monitors are best for professionals who need reliable color accuracy?
it__non-brand__Monitor Color Accuracy,Which curved monitors maintain high color accuracy across the screen?
it__non-brand__Monitor Color Accuracy,Which monitors offer pre-set color modes for different creative tasks?
it__non-brand__Monitor Brightness__Monitor Brightness,which monitors have the highest brightness for hdr content
it__non-brand__Monitor Brightness__Monitor Brightness,what monitors have a wide range of brightness adjustments
it__non-brand__Monitor Brightness__Monitor Brightness,what monitors offer both good brightness and colour accuracy
it__non-brand__Monitor Brightness__Monitor Brightness,which monitors offer the best brightness for gaming
it__non-brand__Monitor Brightness__Monitor Brightness,what ultrawide monitors have the brightest displays
it__non-brand__Monitor Brightness__Monitor Brightness,can you provide a list of monitors with the brightest screens for creative work
it__non-brand__Monitor Brightness__HDR/VesaHDR,find monitors with VESA DisplayHDR 600 certification without sacrificing response time
it__non-brand__Monitor Brightness__HDR/VesaHDR,what are the best monitors with VESA DisplayHDR 1000
it__non-brand__Monitor Brightness__HDR/VesaHDR,"how do VESA DisplayHDR 500, 600, and 1000 certified monitors compare"
it__non-brand__Monitor Brightness__HDR/VesaHDR,which monitors offer true HDR 10 support for media consumption
it__non-brand__High Resolution & clarity__wqhd gaming monitor,What are the top WQHD gaming monitors for immersive gameplay?
it__non-brand__High Resolution & clarity__wqhd gaming monitor,What premium WQHD gaming monitors have the highest user ratings?
it__non-brand__High Resolution & clarity__wqhd gaming monitor,What sets the best WQHD gaming monitors apart from standard QHD ones?
it__non-brand__High Resolution & clarity__wqhd gaming monitor,What are common pros and cons of WQHD gaming monitors?
it__non-brand__High Resolution & clarity__wqhd gaming monitor,Which WQHD monitors are best for high-end gaming PCs?
it__non-brand__High Resolution & clarity__wqhd gaming monitor,How do top WQHD gaming monitors compare on feature sets?
it__non-brand__High Resolution & clarity__wqhd gaming monitor,Which WQHD gaming monitors excel at ultra-wide visuals?
it__non-brand__High Resolution & clarity__wqhd gaming monitor,Which WQHD gaming monitors are recommended for minimal response times?
it__non-brand__High Resolution & clarity__qhd gaming monitor,What are the main differences between QHD and WQHD gaming monitors?
it__non-brand__High Resolution & clarity__qhd gaming monitor,Which QHD monitors are best for premium gaming setups?
it__non-brand__High Resolution & clarity__qhd gaming monitor,How do the most popular QHD monitors compare for build quality?
it__non-brand__High Resolution & clarity__qhd gaming monitor,Which QHD gaming monitors offer the fastest refresh rates?
it__non-brand__High Resolution & clarity__qhd gaming monitor,What are the top QHD gaming monitors with the best image quality?
it__non-brand__High Resolution & clarity__qhd gaming monitor,Which QHD gaming monitors have the best user and expert reviews?
it__non-brand__High Resolution & clarity__qhd gaming monitor,Which QHD gaming monitors are highly rated by competitive gamers?
it__non-brand__High Resolution & clarity__qhd gaming monitor,What premium features should I look for in a QHD gaming monitor?
it__non-brand__High Resolution & clarity__qhd gaming monitor,What are the best QHD gaming monitors for color accuracy?
it__non-brand__High Resolution & clarity__qhd gaming monitor,Which QHD gaming monitors are known for low input lag?
it__non-brand__High Resolution & clarity__over 218 ppi monitor,Which monitors over 218 PPI offer the best clarity for gaming?
it__non-brand__High Resolution & clarity__over 218 ppi monitor,What are the main advantages of using gaming monitors with over 218 PPI?
it__non-brand__High Resolution & clarity__over 218 ppi monitor,Which high-PPI monitors have outstanding screen sharpness and color accuracy?
it__non-brand__High Resolution & clarity__over 218 ppi monitor,How do monitors with over 218 PPI compare for immersive gaming experiences?
it__non-brand__High Resolution & clarity__ai upscaling gaming monitor,What are the benefits and drawbacks of AI upscaling gaming monitors?
it__non-brand__High Resolution & clarity__ai upscaling gaming monitor,Which gaming monitors use AI upscaling for enhanced visual quality?
it__non-brand__High Resolution & clarity__ai upscaling gaming monitor,What are the highest-rated AI upscaling gaming monitors right now?
it__non-brand__High Resolution & clarity__ai upscaling gaming monitor,Which AI upscaling monitors are best for premium gaming?
it__non-brand__High Resolution & clarity__ai upscaling gaming monitor,How do AI upscaling gaming monitors compare to standard high-resolution displays?
it__non-brand__High Resolution & clarity__6k gaming monitor,which 6k monitors receive the highest user reviews
it__non-brand__High Resolution & clarity__6k gaming monitor,Which 6K monitors offer the most advanced gaming features?
it__non-brand__High Resolution & clarity__6k gaming monitor,which 6k monitors offer the best build quality
it__non-brand__High Resolution & clarity__6k gaming monitor,What are the leading 6K monitors for superior image quality?
it__non-brand__High Resolution & clarity__6k gaming monitor,what should i look for when choosing a 6k monitor
it__non-brand__High Resolution & clarity__5k2k gaming monitor,What 5K2K monitors are gamers recommending for premium setups?
it__non-brand__High Resolution & clarity__5k2k gaming monitor,What are the leading 5K2K gaming monitors with the latest features?
it__non-brand__High Resolution & clarity__5k2k gaming monitor,Which 5K2K gaming monitors deliver the most immersive experience?
it__non-brand__High Resolution & clarity__5k2k gaming monitor,Which 5K2K gaming monitors stand out for color performance and accuracy?
it__non-brand__High Resolution & clarity__5k gaming monitor,which 5k monitors are best for gaming
it__non-brand__High Resolution & clarity__5k gaming monitor,which 5k monitors have the best customer reviews
it__non-brand__High Resolution & clarity__5k gaming monitor,what are the key differences between popular 5k monitors
it__non-brand__High Resolution & clarity__5k gaming monitor,which 5k monitors offer the fastest refresh rates
it__non-brand__High Resolution & clarity__5k gaming monitor,what are some 5k monitors with hdr support
it__non-brand__High Resolution & clarity__5k gaming monitor,What 5K gaming monitors have the most advanced display technologies?
it__non-brand__High Resolution & clarity__5k gaming monitor,what are the warranties like for different 5k monitors
it__non-brand__High Resolution & clarity__5k gaming monitor,which 5k monitors have height and tilt adjustments
it__non-brand__High Resolution & clarity__5k gaming monitor,which 5k monitors are best for reducing eye strain
it__non-brand__High Resolution & clarity__5k gaming monitor,which 5k monitors have adjustable stands
it__non-brand__High Resolution & clarity__5k gaming monitor,Which 5K monitors provide the best balance of speed and resolution for gaming?
it__non-brand__High Resolution & clarity__5k gaming monitor,Which 5K gaming monitors are ideal for both work and play?
it__non-brand__High Resolution & clarity__5k gaming monitor,Which 5K gaming monitors offer exceptional detail for high-end gaming?
it__non-brand__High Resolution & clarity__5k gaming monitor,which 5k monitors have the best contrast ratios
it__non-brand__High Resolution & clarity__5k gaming monitor,what 5k monitors have the best color accuracy
it__non-brand__High Resolution & clarity__5k gaming monitor,how do different 5k monitors compare in terms of input lag
it__non-brand__High Resolution & clarity__4k monitor,how do 4k uhd monitors compare to qhd monitors in terms of clarity
it__non-brand__High Resolution & clarity__4k monitor,what are the differences between 1080p 1440p and 4k monitors
it__non-brand__High Resolution & clarity__4k monitor,what are the top-rated 4k uhd monitors for gaming
it__non-brand__High Resolution & clarity__4k monitor,which 4k uhd monitors support daisy chaining multiple screens
it__non-brand__High Resolution & clarity__4k monitor,which 4k uhd monitors offer multiple input options for different devices
it__non-brand__High Resolution & clarity__4k monitor,which 4k uhd monitors are best for dual monitor setups
it__non-brand__High Resolution & clarity__4k monitor,what are the pros and cons of 4k versus 1440p monitors
it__non-brand__High Resolution & clarity__4k monitor,what are the main pros and cons of different 4k uhd monitor sizes
it__non-brand__High Resolution & clarity__4k monitor,what 4k monitors have adjustable stands and ergonomic features
it__non-brand__High Resolution & clarity__4k monitor,which 4k uhd monitors have the lowest input lag for console gaming
it__non-brand__High Resolution & clarity__4k monitor,which 4k uhd monitors offer the best hdr performance
it__non-brand__High Resolution & clarity__4k monitor,which 4k uhd monitors have the widest colour gamut
it__non-brand__High Resolution & clarity__4k monitor,what are the top choices for 4k uhd monitors with hdmi 2.1 support
it__non-brand__High Resolution & clarity__4k monitor,what 4k uhd monitors have the highest refresh rate
it__non-brand__High Resolution & clarity__4k monitor,how do 4k uhd monitors compare in response time for gaming
it__non-brand__Gaming Monitor,Do top-tier gaming monitors support the same smooth sync features of my PS5 and Xbox on my gaming PC?
it__non-brand__Gaming Monitor,Which ultrawide gaming monitors compatible with both PC and console gaming?
it__non-brand__Gaming Monitor,which gaming monitors are suitable for dual monitor setups
it__non-brand__Gaming Monitor,which gaming monitors are best for first-person shooters
it__non-brand__Gaming Monitor,how do 4k gaming monitors compare to 1440p ones
it__non-brand__Gaming Monitor,which gaming monitors are suitable for competitive esports
it__non-brand__Gaming Monitor,what are the top-rated gaming monitors for pc gaming
it__non-brand__Gaming Monitor,what gaming monitors offer the highest refresh rates
it__non-brand__Gaming Monitor,which gaming monitors have the fastest response times
it__non-brand__Gaming Monitor,what gaming monitors get the best user reviews
it__non-brand__Gaming Monitor,which monitors are best for both work and gaming
it__non-brand__Gaming Monitor,which gaming monitors have the lowest input lag
it__non-brand__Gaming Monitor,what are the best gaming monitors for racing games
it__non-brand__Gaming Monitor,what features should i compare when choosing a gaming monitor
it__non-brand__Gaming Monitor,how do different gaming monitors handle motion blur
it__non-brand__Gaming Monitor,which size of gaming monitor is best for immersive gameplay
it__non-brand__Gaming Monitor,what are the best ultrawide monitors for gaming
it__non-brand__Gaming Monitor,how do flat and curved gaming monitors compare for gaming
it__non-brand__Gaming Monitor,what are the best curved gaming monitors
it__non-brand__Gaming Monitor,which gaming monitors have the best hdr performance
it__non-brand__Gaming Monitor,which gaming monitors offer adjustable stands
it__non-brand__Gaming Monitor,which gaming monitor should I choose?
it__non-brand__Gaming Monitor,how can I troubleshoot gaming monitor problems?
it__non-brand__Gaming Monitor,are there any good gaming monitor deals on black friday?
it__non-brand__Gaming Monitor,how much should I expect to pay for a gaming monitor?
it__non-brand__Game Genre,Which monitors are best for playing racing simulators or simracing games?
it__non-brand__Game Genre,Which monitors are best for playing RPG gaming?
it__non-brand__Game Genre,Which monitors are best for playing FPS gaming?
tv__non-brand__hdr tv__general,Which HDR TVs offer the best viewing angles?
tv__non-brand__hdr tv__Premium,What are the top HDR TVs with the best customer reviews?
tv__non-brand__hdr tv__Premium,Which HDR TVs come with the best warranties and customer support?
tv__non-brand__hdr tv__Premium,What are the most reliable premium HDR TVs according to user ratings?
tv__non-brand__hdr tv__Premium,Which HDR TVs are favored for smart features and ease of use?
tv__non-brand__hdr tv__Premium,Which HDR TVs support the latest HDMI standards for future-proofing?
tv__non-brand__hdr tv__Premium,Which HDR TVs have the smoothest motion handling for sports?
tv__non-brand__hdr tv__Premium,What are the best HDR TVs for watching sports in a premium home setup?
tv__non-brand__hdr tv__Premium,What HDR TVs are ranked highest for minimal input lag?
tv__non-brand__hdr tv__general,Which HDR TVs have the lowest input lag for gaming?
tv__non-brand__hdr tv__Premium,Which HDR TVs have the slimmest and most premium design?
tv__non-brand__hdr tv__Premium,What high-end HDR TVs are best for movies and sports?
tv__non-brand__hdr tv__general,Which HDR TVs are best for streaming movies?
tv__non-brand__hdr tv__general,Which HDR TVs support all major HDR formats?
tv__non-brand__hdr tv__Premium,Which HDR TVs have the best upscaling for non-HDR content?
tv__non-brand__hdr tv__Premium,Which HDR TVs support both Dolby Vision and HDR10?
tv__non-brand__hdr tv__Premium,Which premium HDR TVs have the most immersive sound experience?
tv__non-brand__hdr tv__Premium,What are the best HDR TVs for mounting on the wall?
tv__non-brand__hdr tv__Premium,What are the leading HDR TVs for home theater setups?
tv__non-brand__hdr tv__Premium,Which HDR TVs offer the best remote controls and user interface?
tv__non-brand__color__Premium,Which TV screens are least prone to color fading over time?
tv__non-brand__color__Premium,What TV models use advanced color technology for better HDR performance?
tv__non-brand__color__Premium,What are the best premium TVs for wide color spectrum in animation and cartoons?
tv__non-brand__color__Premium,How do expert reviewers rank TVs for color depth and realism?
tv__non-brand__color__Premium,How do models from different price ranges compare for color enhancement?
tv__non-brand__color__General,Which TVs handle dark and muted colors best?
tv__non-brand__color__Premium,Which TVs are best for maintaining color depth in daylight viewing?
tv__non-brand__color__General,Which TV brands have the best color performance?
tv__non-brand__color__Premium,Which TV brands have the best reputation for realistic color?
tv__non-brand__color__Premium,What recommendations are there for TVs that provide cinematic color quality?
tv__non-brand__color__General,Are there affordable TVs with good color grading?
tv__non-brand__color__Premium,Which advanced TVs let you customize color settings easily?
tv__non-brand__color__General,What are the top TVs for color if I watch lots of animated content?
tv__non-brand__color__General,What TVs are best for color when watching sports?
tv__non-brand__color__Premium,What are the best TV choices for premium color with gaming consoles?
tv__non-brand__color__Premium,What high-end TVs are best for realistic color and contrast?
tv__non-brand__color__Premium,Which TVs are considered best for color-rich cinematic experiences at home?
tv__non-brand__color__Premium,What are the best high-end TVs for displaying true-to-life skin tones?
tv__non-brand__color__General,What are the best TVs for HDR color performance?
tv__non-brand__color__Premium,What premium TVs stand out for smooth color grading in fast-motion scenes?
tv__non-brand__color__Premium,Which TVs combine high resolution and premium color quality?
tv__non-brand__color__Premium,How do recent TV models compare for color uniformity across the screen?
tv__non-brand__color__Premium,What ultra-high-end TVs are favored for their exceptional color detail?
tv__non-brand__color__Premium,Which luxury TVs balance high brightness and true color tones?
tv__non-brand__color__Premium,Which TVs are recommended for enthusiasts focused on premium color quality?
tv__non-brand__color__Premium,What are the best premium TVs for rich and deep colors?
tv__non-brand__color__Premium,Which large-screen TVs offer the best color quality for home theaters?
tv__non-brand__color__General,What TVs are recommended for streaming shows with stunning color?
tv__non-brand__black level__Premium,Can you list the best TVs for mixed usage with excellent black levels?
tv__non-brand__black level,"Which high-end TVs have the best reputation for deep, pitch-black screens?"
tv__non-brand__black level__Premium,What are the best options for TVs that avoid grayish blacks?
tv__non-brand__black level__General,What are the best TVs with anti-reflection screens and deep blacks?
tv__non-brand__black level__Premium,How do user reviews compare leading TVs on black depth?
tv__non-brand__black level__Premium,Which premium TVs are recommended for deep inky blacks?
tv__non-brand__black level__Premium,What are the main differences between TVs known for black performance?
tv__non-brand__black level__General,Can you list TVs that are recommended for their excellent black performance?
tv__non-brand__black level__Premium,Can you list the best TV displays with minimal light bleed and great blacks?
tv__non-brand__black level__Premium,Which TVs for home theater deliver cinematic-level black detail?
tv__non-brand__black level__Premium,Can you list TVs with the best local dimming for deep blacks?
tv__non-brand__black level__General,Which TVs stay consistent in black level performance across all formats?
tv__non-brand__black level__Premium,What are the most reliable TVs for consistent black levels?
tv__non-brand__black level__Premium,Can you rank premium TVs by their black level performance?
tv__non-brand__black level__Premium,Can you compare the black level performance of top TV models?
tv__non-brand__tv for gaming,Which OLED gaming TV models come with advanced gaming modes?
tv__non-brand__tv for gaming,What OLED gaming TV models are known for superior build quality?
tv__non-brand__tv for gaming,How do different TVs compare for HDR gaming?
tv__non-brand__tv for gaming,What TVs support 120Hz refresh rates for gaming?
tv__non-brand__tv for gaming,Can you recommend the best OLED TV for gaming and movies?
tv__non-brand__tv for gaming,Which TVs have multiple HDMI ports for gaming setups?
tv__non-brand__tv for gaming,Which TVs work well with Xbox Series X for gaming?
tv__non-brand__tv for gaming,What are the best value gaming TVs?
tv__non-brand__tv for gaming,Are there gaming TVs with built-in support for cloud gaming?
tv__non-brand__tv for gaming,Which TVs offer the best sound quality for gaming?
tv__non-brand__tv for gaming,How do the best OLED gaming TVs compare in terms of input lag and refresh rate?
tv__non-brand__tv for gaming,How do different OLED gaming TVs handle low-latency gaming features?
tv__non-brand__tv for gaming,Which TVs have the lowest input lag for gaming?
tv__non-brand__tv for gaming,Compare the top gaming TVs by input lag and refresh rate.
tv__non-brand__tv for gaming,What TVs support ALLM (auto low latency mode) for gaming?
tv__non-brand__tv for gaming,What are the top gaming TVs for small rooms?
tv__non-brand__tv for gaming,Which gaming TVs are best for large living rooms?
tv__non-brand__tv for gaming,Which TVs are popular among esports players?
tv__non-brand__tv for gaming,How do top gaming TVs compare in terms of price?
tv__non-brand__tv for gaming,What OLED gaming TVs excel at reducing screen tearing and stutter?
tv__non-brand__tv for gaming,Which OLED gaming TVs stand out for advanced motion handling?
tv__non-brand__tv for gaming,Which OLED gaming TVs are widely recommended by the gaming community?
tv__non-brand__tv for gaming,Which OLED gaming TVs support the highest frame rates?
tv__non-brand__tv for gaming,Which OLED gaming TVs have the fastest response times?
tv__non-brand__tv for gaming,Which OLED gaming TVs are considered the best for premium gaming experiences?
tv__non-brand__tv for gaming,Which OLED gaming TVs are best for wall mounting in a gaming setup?
tv__non-brand__tv for gaming,What OLED gaming TVs offer the best combination of brightness and contrast?
tv__non-brand__tv for gaming,Which OLED gaming TVs offer the best image quality for fast-paced games?
tv__non-brand__tv for gaming,Which OLED TVs are best for gaming?
tv__non-brand__tv for gaming,What are the latest OLED gaming TVs that support Dolby Vision for gaming?
tv__non-brand__tv for gaming,What are the leading OLED gaming TVs for next-gen consoles?
tv__non-brand__tv for gaming,What are the top-rated OLED gaming TVs currently available?
tv__non-brand__tv for gaming,What are the best OLED gaming TVs for minimal motion blur?
tv__non-brand__tv for gaming,Which TVs have the best black levels for gaming?
tv__non-brand__tv for gaming,What are typical features to look for in a gaming TV?
tv__non-brand__tv for gaming,Which TVs receive regular firmware updates for gaming features?
tv__non-brand__smart tv,Which smart TVs are most often recommended by experts?
tv__non-brand__smart tv,Which smart TVs have the best customer reviews?
tv__non-brand__smart tv,Which smart TVs have the best sound quality?
tv__non-brand__smart tv,Which smart TVs have the longest lifespan?
tv__non-brand__smart tv,Which smart TVs have the most customizable settings?
tv__non-brand__smart tv,Which smart TVs offer the smoothest motion handling?
tv__non-brand__smart tv,Which smart TVs have the best value for the price?
tv__non-brand__smart tv,What are the best smart TVs for large living rooms?
tv__non-brand__smart tv,What smart TVs are good for dorm rooms or apartments?
tv__non-brand__smart tv,What are the top smart TVs for watching sports?
tv__non-brand__smart tv,What smart TVs allow for easy multi-device connectivity?
tv__non-brand__smart tv,Which smart TVs come with built-in smart assistants?
tv__non-brand__smart tv,Which smart TVs are easiest to set up?
tv__non-brand__smart tv,What are the most advanced smart TVs currently available?
tv__non-brand__smart tv,What are the best smart TVs to buy right now?
tv__non-brand__smart tv,What is best smart tv?
tv__non-brand__smart tv,Which smart TVs offer the brightest displays?
tv__non-brand__smart tv,What smart TVs provide the best upscaling for old content?
tv__non-brand__smart tv,Which smart TVs are best for wall mounting?
tv__non-brand__smart tv,Which smart TVs have the best built-in speakers?
tv__non-brand__smart tv,What smart TVs are suitable for home theater setups?
tv__non-brand__smart tv,Which smart TVs are easiest to use with streaming sticks or boxes?
tv__non-brand__smart tv,Which smart TV brands offer the best 4K resolution?
tv__non-brand__smart tv,How do I choose the best smart TV with a center stand for my living room?
tv__non-brand__smart tv,Which smart TVs are known for reliable software updates?
tv__non-brand__oled tv,Which OLED TVs are compatible with the latest soundbar technologies?
tv__non-brand__oled tv,Which OLED TVs are best for viewers sensitive to motion blur?
tv__non-brand__oled tv,Which OLED TVs offer the best picture quality for home theaters?
tv__non-brand__oled tv,Which OLED TVs deliver the most immersive cinematic experience?
tv__non-brand__oled tv,What are the best-reviewed OLED TVs for movies?
tv__non-brand__oled tv,Can you list OLED TVs that are known for their durability and build quality?
tv__non-brand__oled tv,Which OLED TVs are known for sleek and minimalistic designs?
tv__non-brand__oled tv,Which OLED TVs have the slimmest profile?
tv__non-brand__oled tv,What are the best OLED TVs for small living rooms?
tv__non-brand__oled tv,Can you recommend the best small OLED TV for a limited space?
tv__non-brand__oled tv,What sizes do OLED TVs come in and which are most popular?
tv__non-brand__oled tv,What should I consider when buying a 70-inch OLED TV?
tv__non-brand__oled tv,What are the best OLED TVs for watching sports?
tv__non-brand__oled tv,Which OLED TVs have low input lag for console gaming?
tv__non-brand__oled tv,Which OLED TVs have the lowest input lag for gamers?
tv__non-brand__oled tv,Which OLED TVs come in 77-inch or larger sizes?
tv__non-brand__oled tv,What should I consider when buying an OLED TV on sale?
tv__non-brand__oled tv,Which OLED TVs have the best upscaling for non-4K content?
tv__non-brand__oled tv,Which OLED TVs offer the best upscaling for non-4K content?
tv__non-brand__oled tv,What are the main features to consider when buying a 97-inch OLED TV?
tv__non-brand__oled tv,How often should I clean my OLED TV screen for optimal picture quality?
tv__non-brand__oled tv,What are the best methods to clean an OLED TV screen without damaging it?
tv__non-brand__oled tv,What are the pros and cons of OLED TVs compared to other types?
tv__non-brand__oled tv,What are the main reasons to pick an OLED TV over an LCD TV?
tv__non-brand__oled tv,Which OLED TVs come with advanced gaming features?
tv__non-brand__oled tv,Which OLED TVs are considered best for gaming setups?
tv__non-brand__oled tv,What are the best OLED TVs for gaming?
tv__non-brand__oled tv,Could you list OLED TVs that offer advanced gaming modes?
tv__non-brand__oled tv,What are the slimmest wall-mountable OLED TVs?
tv__non-brand__oled tv,Which OLED TVs have the best anti-reflection or glare reduction?
tv__non-brand__oled tv,What OLED TVs come with advanced voice control and hands-free features?
tv__non-brand__oled tv,Which OLED TVs are known for being user-friendly and easy to set up?
tv__non-brand__oled tv,Which OLED TVs are fastest for streaming apps?
tv__non-brand__oled tv,Which OLED TVs are easiest to set up and use?
tv__non-brand__oled tv,Which OLED TVs have the most intuitive and customizable menus?
tv__non-brand__oled tv,Which OLED TVs have the best smart TV features?
tv__non-brand__oled tv,What are some OLED TVs with the best reviews on premium features?
tv__non-brand__oled tv,Which OLED TVs offer the best customer support or after-sales service?
tv__non-brand__oled tv,Which OLED TVs offer the best value for the price?
tv__non-brand__oled tv,What is best OLED TVs?
tv__non-brand__oled tv,What are the top OLED TVs with HDMI 2.1 support?
tv__non-brand__oled tv,What are the best OLED TVs for mounting above a fireplace?
tv__non-brand__oled tv,Could you list OLED TVs that frequently win industry awards?
tv__non-brand__oled tv,How do OLED TVs compare in weight and thickness for wall mounting?
tv__non-brand__oled tv,What are the best OLED TVs for eye comfort in 2026?
tv__non-brand__oled tv,Which OLED TV brands currently have the best eye-safety and comfort certifications?
tv__non-brand__oled tv,Which OLED TV brands have the highest certifications for low blue light?
tv__non-brand__oled tv,What are the best OLED TVs for people with sensitive eyes?
tv__non-brand__mini-led tv,What are the best Mini-LED TVs for gaming?
tv__non-brand__mini-led tv,How do Mini-LED TVs compare in terms of durability?
tv__non-brand__mini-led tv,How do Mini-LED TVs compare for watching sports?
tv__non-brand__ESG,How do top OLED gaming TVs rate for energy efficiency?
tv__non-brand__ESG,Which 86 inch TVs are most energy efficient?
tv__non-brand__ESG,What are the most energy efficient 65 inch TVs?
tv__non-brand__ESG,What are the most energy-efficient 100 inch TVs?
tv__non-brand__ESG,What are the most energy-efficient premium HDR TVs?
tv__non-brand__ESG,What are the most energy-efficient 75 inch TVs?
tv__non-brand__ESG,What are the most energy-efficient 55 inch TVs?
tv__non-brand__ESG,What are the most energy-efficient smart TVs?
tv__non-brand__ESG,What are the most energy-efficient OLED TVs?
tv__non-brand__ESG,What are the most energy-efficient gaming TVs?
tv__non-brand__ESG,What is the best 2026 TV for a conscious consumer?
tv__non-brand__ESG,Which OLED TVs are officially certified as eco-friendly?
tv__non-brand__dolby vision tv,Which Dolby Vision TVs are recommended for sports viewing?
tv__non-brand__dolby vision tv,Which TVs with Dolby Vision have the lowest input lag for gaming?
tv__non-brand__dolby vision tv,What are the best mini-LED TVs with Dolby Vision support?
tv__non-brand__dolby vision tv,What are the most popular 75-inch Dolby Vision TVs?
tv__non-brand__dolby vision tv,Which TVs offer both Dolby Vision and Dolby Atmos?
tv__non-brand__dolby vision tv,What are the best wall-mountable Dolby Vision TVs?
tv__non-brand__dolby vision tv,Which TVs with Dolby Vision come with voice assistant features?
tv__non-brand__dolby vision tv,Which TVs with Dolby Vision support hands-free controls?
tv__non-brand__dolby vision tv,Which TVs with Dolby Vision have the best customer reviews?
tv__non-brand__dolby vision tv,Which TVs with Dolby Vision work best with streaming devices?
tv__non-brand__dolby vision tv,Which TVs with Dolby Vision offer the best value for the price?
tv__non-brand__dolby vision tv,Which TVs offer the best upscaling with Dolby Vision support?
tv__non-brand__dolby vision tv,Which Dolby Vision TVs are best for gaming?
tv__non-brand__dolby vision tv,What are the most durable TVs with Dolby Vision?
tv__non-brand__dolby vision tv,How do Dolby Vision TVs compare in price to non-Dolby Vision TVs?
tv__non-brand__dolby vision tv,How do mid-range Dolby Vision TVs compare to high-end models?
tv__non-brand__dolby vision tv,Which 4K TVs support Dolby Vision and have the highest ratings?
tv__non-brand__dolby vision tv,What are some high-end TVs with Dolby Vision for movie enthusiasts?
tv__non-brand__dolby vision tv,Which TVs with Dolby Vision also offer a 120Hz refresh rate?
tv__non-brand__dolby vision tv,What are the most reliable brands for Dolby Vision TVs?
tv__non-brand__black level__Premium,Can you compare the latest TV technologies for their black levels?
tv__non-brand__black level,How does panel type impact black levels in premium TVs?
tv__non-brand__black level,How do different OLED TVs rank for black performance and overall quality?
tv__non-brand__black level,How do OLED TVs compare to other types of TVs for perfect black performance?
tv__non-brand__black level,How do high-end OLED TVs compare for quality and black level performance?
tv__non-brand__black level,What is the best-value OLED TV with perfect black capabilities?
tv__non-brand__black level,What are the standout OLED models for quality and perfect black capability?
tv__non-brand__black level,Which new OLED TVs offer the most impressive black uniformity?
tv__non-brand__black level,Which high-end TV models give both perfect black and top color accuracy?
tv__non-brand__black level,What current TV models give the truest black for movies in dark rooms?
tv__non-brand__black level,What are the pros and cons of OLED vs. QLED for true black performance?
tv__non-brand__black level,What are the differences in black quality between top-tier OLED TVs?
tv__non-brand__black level,What are the most recommended OLED TVs for true black picture quality?
tv__non-brand__black level,"What makes a TV truly deliver perfect black, and which models are best for it?"
tv__non-brand__black level,Can you list the top premium TVs known for their perfect blacks?
tv__non-brand__black level,Are there any non-OLED TVs close to OLED for black quality?
tv__non-brand__black level,What are the top choices for a premium TV with perfect blacks and high-end specs?
tv__non-brand__black level,Which premium TVs offer the deepest blacks for home theater?
tv__non-brand__black level,Which 4K TVs deliver the best black detail and contrast?
tv__non-brand__black level,Which TV brands are most recommended for perfect black levels?
tv__non-brand__black level,What should I compare when looking for a TV with perfect black levels?
tv__non-brand__black level,What are the leading models for black level accuracy in TVs right now?
tv__non-brand__black level,What features should I look for in a TV to get perfect black levels?
tv__non-brand__black level,Which models consistently rank highest for black-level performance in expert reviews?
it__non-brand__Game Genre,Can Which monitors are best for playing esports?
it__non-brand__Game Genre,Which monitors are best for playing souls-like games?
it__non-brand__Anti glare monitor,What are the most recommended anti-glare gaming monitors with matte screens?
it__non-brand__Anti glare monitor,Which monitors have both anti-glare features and high color accuracy?
it__non-brand__Anti glare monitor,Which professional monitors offer customizable glare reduction options?
it__non-brand__Anti glare monitor,What are the best monitors for reducing eye strain caused by screen reflections?
it__non-brand__Anti glare monitor,Which monitors provide a balance between anti-glare and color accuracy?
it__non-brand__Anti glare monitor,Which anti-glare monitors are highly rated for color consistency?
it__non-brand__Anti glare monitor,What should I consider when choosing a professional monitor for low glare in an office?
it__non-brand__Anti glare monitor,What features should I compare when choosing an anti-glare gaming monitor?
it__non-brand__Anti glare monitor,Can you list gaming monitors with effective anti-glare matte coatings?
it__non-brand__Anti glare monitor,Which gaming monitors offer customizable glare reduction features?
it__non-brand__Anti glare monitor,Which professional monitors have low glare and also support 4K resolution?
it__non-brand__Anti glare monitor,Which anti-glare monitors are best for video conferencing?
it__non-brand__Anti glare monitor,What do professionals usually prefer between glossy and anti-glare screens?
it__non-brand__Anti glare monitor,Can you compare the top monitors used by creative professionals for glare control?
it__non-brand__1ms response time monitor,What is the difference in gaming experience between 1ms and 0.03ms response time monitors?
it__non-brand__1ms response time monitor,Which monitors under 1ms response time offer advanced connectivity options like Thunderbolt or USB-C?
it__non-brand__1ms response time monitor,What are the best monitors with 1ms response time and built-in USB hubs?
it__non-brand__1ms response time monitor,What are the most reliable monitors featuring under 1ms response time and fast refresh rates?
it__non-brand__1ms response time monitor,What are the best monitors with an under 1ms response time for gaming?
it__non-brand__1ms response time monitor,What are the most premium monitors with under 1ms response time and wide viewing angles?
it__non-brand__1ms response time monitor,What are the best ultrawide monitors with under 1ms response time for multitasking?
it__non-brand__1ms response time monitor,What are the best ultrawide monitors with 1ms response time and premium features?
it__non-brand__1ms response time monitor,What high-end monitors offer under 1ms response time and great color accuracy?
it__non-brand__1ms response time monitor,Which premium monitors with under 1ms response time are best for competitive esports?
it__non-brand__1ms response time monitor,What top monitors combine under 1ms response time high resolution and low input lag?
it__non-brand__1ms response time monitor,How do monitors with under 1ms response time compare in terms of HDR quality?
it__non-brand__1ms response time monitor,What are the most energy-efficient monitors featuring under 1ms response time?
it__non-brand__1ms response time monitor,Which monitors with under 1ms response time have adjustable ergonomic stands?
it__non-brand__1ms response time monitor,Which 1ms monitors feature adjustable stands and eye-care settings?
it__non-brand__0.03ms response time monitor,What are the leading 4K monitors with under 0.03ms response time and exceptional build quality?
it__non-brand__0.03ms response time monitor,Which monitors with under 0.03ms response time come highly recommended for minimal motion blur?
it__non-brand__0.03ms response time monitor,Which monitors with under 0.03ms response time are best rated for fast-paced FPS gaming?
it__non-brand__0.03ms response time monitor,Which premium monitors with under 0.03ms response time also offer 240Hz or higher refresh rates?
it__non-brand__0.03ms response time monitor,Which monitors with 0.03ms response time offer advanced eye care technology?
it__non-brand__0.03ms response time monitor,What are the leading monitors with 0.03ms response time and robust support policies?
it__non-brand__0.03ms response time monitor,Which monitors with under 0.03ms response time offer premium ergonomic adjustments?
it__non-brand__0.03ms response time monitor,Which monitors with a 0.03ms response time are best rated for immersive gaming setups?
it__non-brand__0.03ms response time monitor,What are the main differences between monitors with under 0.03ms and 1ms response times?
it__non-brand__0.03ms response time monitor,Which under 0.03ms response time monitors provide best-in-class customer support?
it__non-brand__0.03ms response time monitor,Which monitors with under 0.03ms response time rank highest for reliability and customer satisfaction?
tv__non-brand__webOS & AI TV__ai tv,How to choose a smart TV with multi-user profile support?
tv__non-brand__webOS & AI TV__ai tv,How do major smart TV platforms address user data privacy concerns?
tv__non-brand__webOS & AI TV__ai tv,What smart TV operating systems offer cloud gaming support?
tv__non-brand__webOS & AI TV__ai tv,Can the TV send me an alert when my favorite team starts playing?
tv__non-brand__webOS & AI TV__ai tv,which TV has the most reliable built-in AI search tools?
it__non-brand__Monitor Refresh rate__over 1000hz gaming monitor,Are there any 1000hz refresh rate monitors worth considering for premium gaming setups?
it__non-brand__Monitor Refresh rate__over 1000hz gaming monitor,What are the top choices for gaming monitors with 1000hz refresh rate?
it__non-brand__Monitor Refresh rate__over 1000hz gaming monitor,What are the best 1000hz gaming monitors with good reviews?
tv__non-brand__art tv,What is the best premium TV for displaying digital art??
tv__non-brand__art tv,What is the best premium TV for home art display?
tv__non-brand__micro rgb,Which Micro RGB TV has the best performance for fast-moving sports and action scenes?
tv__non-brand__micro rgb,Which premium Micro RGB TV provides both high-end gaming features and cinematic sound?
tv__non-brand__micro rgb,Which Micro RGB TV provides ultra-precise lighting control for enhanced contrast?
tv__non-brand__micro rgb,Which Micro RGB TV combines AI upscaling with fast processing for smooth viewing?
tv__non-brand__micro rgb,Which Micro RGB TV has the highest refresh rate for smooth gaming performance?
tv__non-brand__micro rgb,What Micro RGB TV supports VRR and high frame rates for competitive gaming?
tv__non-brand__micro rgb,Which Micro RGB TV delivers the most immersive Dolby Vision and Dolby Atmos experience?
tv__non-brand__micro rgb,Which Micro RGB TV offers the most vibrant and realistic color coverage?
tv__non-brand__micro rgb,What are the leading TVs known for delivering the ultimate?purity of the RGB color spectrum?
tv__non-brand__micro rgb,Which TV brands currently hold official color certifications for their?pure spectrum RGB displays?
tv__non-brand__oled tv,Which OLED TV display technology is certified for perfect black levels in bright rooms?
tv__non-brand__oled tv,"Which TV certifications are essential for a smooth, tear-free gaming experience?"
tv__non-brand__oled tv,Which OLED TVs are verified for high color accuracy even in lit environments?
tv__non-brand__oled tv,"Which oled TVs support Bluetooth Ultra Low Latency for cloud gaming controllers?"""
tv__non-brand__webOS & AI TV,Which AI TVs optimize both picture clarity and audio simultaneously based on content?
tv__non-brand__webOS & AI TV,How do AI TVs make it easier to find what to watch?
tv__non-brand__webOS & AI TV,What is the best AI TV for upscaling older content with high clarity?
tv__non-brand__webOS & AI TV,Can an AI TV automatically fine-tune brightness in the darkest areas of a scene?
tv__non-brand__webOS & AI TV,Which AI TV offers the best advanced security features to protect user data?
tv__non-brand__webOS & AI TV,Which TV has the best AI content recommendation system?
it__non-brand__Monitor Refresh rate__over 1000hz gaming monitor,1000hz?gaming monitor options for e-sports gamers
it__non-brand__Monitor Refresh rate__over 1000hz gaming monitor,Are there any monitors with?1000hz?worth considering for professional gamer setup?
it__non-brand__Monitor Refresh rate__over 1000hz gaming monitor,What are the best native?1000hz?fhd gaming monitors??
it__non-brand__Monitor Refresh rate__over 1000hz gaming monitor,Are there any native?1000hz?fhd gaming monitors?
